pokemon_id,ability_id,level
1,17,basic
1,114,basic
1,194,basic
1,84,high
2,17,basic
2,114,basic
2,194,basic
2,43,high
2,84,high
3,17,basic
3,114,basic
3,194,basic
3,43,high
3,84,high
4,17,basic
4,114,basic
4,143,basic
4,84,high
5,17,basic
5,114,basic
5,143,basic
5,84,high
6,17,basic
6,114,basic
6,143,basic
6,43,high
6,84,high
7,84,basic
7,114,basic
7,192,basic
7,96,high
8,84,basic
8,114,basic
8,192,basic
8,96,high
9,84,basic
9,114,basic
9,192,basic
9,96,high
9,87,mega
10,74,basic
10,84,basic
10,114,basic
10,149,high
11,74,basic
11,84,basic
11,114,basic
11,149,high
12,74,basic
12,82,basic
12,84,basic
12,114,basic
12,136,high
12,149,high
13,17,basic
13,114,basic
13,135,basic
13,23,high
14,17,basic
14,114,basic
14,135,basic
14,23,high
15,17,basic
15,114,basic
15,135,basic
15,23,high
16,12,basic
16,54,basic
16,114,basic
16,15,high
17,12,basic
17,54,basic
17,114,basic
17,15,high
18,12,basic
18,45,basic
18,54,basic
18,114,basic
18,15,high
19,14,basic
19,42,basic
19,76,basic
19,157,high
20,14,basic
20,42,basic
20,76,basic
20,157,high
21,14,basic
21,42,basic
21,76,basic
21,90,basic
21,157,high
21,185,mega
22,14,basic
22,40,basic
22,61,basic
22,42,high
23,14,basic
23,40,basic
23,61,basic
23,42,high
24,14,basic
24,40,basic
24,61,basic
24,42,high
25,14,basic
25,81,basic
25,104,basic
25,160,high
26,14,basic
26,42,basic
26,45,basic
26,104,basic
26,160,high
27,14,basic
27,42,basic
27,45,basic
27,104,basic
27,160,high
28,14,basic
28,42,basic
28,54,basic
28,78,high
29,14,basic
29,42,basic
29,45,basic
29,74,basic
29,78,high
30,14,basic
30,42,basic
30,45,basic
30,74,basic
30,78,high
31,14,basic
31,54,basic
31,61,basic
31,182,high
32,14,basic
32,45,basic
32,54,basic
32,61,basic
32,182,high
33,14,basic
33,45,basic
33,54,basic
33,61,basic
33,132,high
33,182,high
34,14,basic
34,61,basic
34,124,basic
34,91,high
35,14,basic
35,61,basic
35,124,basic
35,91,high
36,14,basic
36,61,basic
36,98,basic
36,124,basic
36,91,high
37,136,basic
37,149,basic
37,184,basic
37,130,high
38,136,basic
38,149,basic
38,184,basic
38,130,high
39,136,basic
39,149,basic
39,184,basic
39,130,high
39,154,high
40,50,basic
40,67,basic
40,184,basic
40,148,high
41,50,basic
41,67,basic
41,184,basic
41,148,high
42,50,basic
42,67,basic
42,184,basic
42,148,high
43,26,basic
43,111,basic
43,184,basic
43,66,high
44,26,basic
44,34,basic
44,82,basic
44,184,basic
44,66,high
45,26,basic
45,34,basic
45,82,basic
45,184,basic
45,66,high
45,175,mega
46,25,basic
46,81,basic
46,184,basic
46,30,high
47,135,basic
47,175,basic
47,184,basic
47,30,high
48,135,basic
48,175,basic
48,184,basic
48,191,basic
48,30,high
49,67,basic
49,74,basic
49,184,basic
49,149,high
50,67,basic
50,74,basic
50,184,basic
50,149,high
51,67,basic
51,74,basic
51,184,basic
51,149,high
52,73,basic
52,74,basic
52,184,basic
52,126,high
53,73,basic
53,74,basic
53,184,basic
53,126,high
54,27,basic
54,73,basic
54,74,basic
54,184,basic
54,126,high
55,111,basic
55,150,basic
55,173,basic
55,138,high
56,147,basic
56,150,basic
56,173,basic
56,12,high
57,22,basic
57,90,basic
57,173,basic
57,183,basic
58,111,basic
58,150,basic
58,173,basic
58,194,basic
58,138,high
59,147,basic
59,150,basic
59,173,basic
59,194,basic
59,12,high
60,67,basic
60,122,basic
60,173,basic
60,194,basic
60,154,high
60,1,mega
61,17,basic
61,114,basic
61,150,basic
61,173,basic
61,113,high
62,17,basic
62,84,basic
62,114,basic
62,173,basic
62,113,high
63,17,basic
63,84,basic
63,114,basic
63,173,basic
63,113,high
64,122,basic
64,150,basic
64,173,basic
64,194,basic
64,160,high
65,12,basic
65,122,basic
65,173,basic
65,194,basic
65,160,high
66,76,basic
66,122,basic
66,173,basic
66,194,basic
66,160,high
67,22,basic
67,150,basic
67,173,basic
67,49,high
68,147,basic
68,150,basic
68,173,basic
68,49,high
69,22,basic
69,90,basic
69,150,basic
69,173,basic
69,49,high
70,111,basic
70,150,basic
70,173,basic
70,138,high
71,147,basic
71,150,basic
71,173,basic
71,12,high
72,22,basic
72,90,basic
72,150,basic
72,173,basic
72,135,high
73,147,basic
73,150,basic
73,173,basic
73,12,high
74,36,basic
74,150,basic
74,173,basic
74,194,basic
74,22,high
75,80,basic
75,83,basic
75,90,basic
75,178,basic
75,13,high
76,80,basic
76,83,basic
76,90,basic
76,178,basic
76,13,high
77,80,basic
77,83,basic
77,90,basic
77,178,basic
77,13,high
77,109,mega
78,57,basic
78,80,basic
78,83,basic
78,90,basic
78,13,high
79,76,basic
79,80,basic
79,83,basic
79,90,basic
79,13,high
79,132,high
80,76,basic
80,80,basic
80,83,basic
80,90,basic
80,13,high
80,132,high
81,13,basic
81,83,basic
81,90,basic
81,172,basic
81,135,high
82,13,basic
82,83,basic
82,90,basic
82,172,basic
82,135,high
83,13,basic
83,83,basic
83,90,basic
83,172,basic
83,135,high
84,13,basic
84,80,basic
84,83,basic
84,90,basic
84,52,high
85,13,basic
85,14,basic
85,40,basic
85,90,basic
85,52,high
86,13,basic
86,14,basic
86,40,basic
86,90,basic
86,52,high
87,122,basic
87,135,basic
87,194,basic
87,65,high
88,122,basic
88,135,basic
88,194,basic
88,65,high
89,82,basic
89,122,basic
89,135,basic
89,194,basic
89,65,high
89,148,high
90,122,basic
90,135,basic
90,194,basic
90,65,high
91,122,basic
91,135,basic
91,194,basic
91,65,high
92,82,basic
92,122,basic
92,135,basic
92,194,basic
92,65,high
92,148,high
93,7,basic
93,74,basic
93,90,basic
93,194,basic
93,73,high
94,7,basic
94,74,basic
94,90,basic
94,194,basic
94,73,high
95,7,basic
95,74,basic
95,90,basic
95,194,basic
95,73,high
96,21,basic
96,25,basic
96,83,basic
96,49,high
97,21,basic
97,25,basic
97,83,basic
97,49,high
98,21,basic
98,25,basic
98,83,basic
98,49,high
98,50,high
99,83,basic
99,108,basic
99,145,basic
99,49,high
100,83,basic
100,108,basic
100,145,basic
100,49,high
100,60,high
101,83,basic
101,108,basic
101,145,basic
101,49,high
101,60,high
102,83,basic
102,111,basic
102,159,basic
102,131,high
103,83,basic
103,159,basic
103,196,basic
103,144,high
104,83,basic
104,159,basic
104,196,basic
104,144,high
105,83,basic
105,118,basic
105,196,basic
105,138,high
106,76,basic
106,83,basic
106,140,basic
106,144,high
107,76,basic
107,83,basic
107,140,basic
107,144,high
108,31,basic
108,83,basic
108,187,basic
108,5,high
109,31,basic
109,83,basic
109,187,basic
109,5,high
110,1,basic
110,31,basic
110,83,basic
110,187,basic
110,5,high
111,83,basic
111,110,basic
111,188,basic
111,47,high
112,83,basic
112,88,basic
112,196,basic
112,47,high
113,76,basic
113,83,basic
113,188,basic
113,47,high
114,17,basic
114,111,basic
114,114,basic
114,194,basic
114,138,high
115,17,basic
115,111,basic
115,114,basic
115,194,basic
115,166,high
116,17,basic
116,114,basic
116,166,basic
116,194,basic
116,36,high
117,17,basic
117,43,basic
117,114,basic
117,60,high
118,17,basic
118,111,basic
118,114,basic
118,194,basic
118,54,high
119,17,basic
119,111,basic
119,114,basic
119,194,basic
119,54,high
119,166,high
120,17,basic
120,54,basic
120,114,basic
120,194,basic
120,89,high
120,166,high
121,17,basic
121,84,basic
121,90,basic
121,114,basic
121,73,high
122,17,basic
122,84,basic
122,90,basic
122,114,basic
122,73,high
123,17,basic
123,84,basic
123,90,basic
123,114,basic
123,73,high
124,114,basic
124,130,basic
124,175,basic
124,184,basic
124,115,high
125,114,basic
125,130,basic
125,175,basic
125,184,basic
125,115,high
126,114,basic
126,130,basic
126,175,basic
126,184,basic
126,115,high
127,17,basic
127,35,basic
127,114,basic
127,117,high
128,17,basic
128,27,basic
128,35,basic
128,114,basic
128,117,high
129,17,basic
129,27,basic
129,35,basic
129,114,basic
129,117,high
130,108,basic
130,114,basic
130,122,basic
130,194,basic
130,84,high
131,108,basic
131,114,basic
131,122,basic
131,194,basic
131,84,high
132,108,basic
132,114,basic
132,122,basic
132,194,basic
132,84,high
132,179,high
133,25,basic
133,112,basic
133,162,basic
133,87,high
134,25,basic
134,112,basic
134,162,basic
134,87,high
135,102,basic
135,112,basic
135,162,basic
135,87,high
136,95,basic
136,112,basic
136,170,basic
136,191,basic
136,5,high
137,95,basic
137,112,basic
137,170,basic
137,191,basic
137,5,high
138,95,basic
138,112,basic
138,170,basic
138,191,basic
138,5,high
139,25,basic
139,112,basic
139,162,basic
139,99,high
139,120,high
140,25,basic
140,112,basic
140,162,basic
140,99,high
140,120,high
141,25,basic
141,112,basic
141,162,basic
141,99,high
141,120,high
141,100,mega
142,76,basic
142,112,basic
142,135,basic
142,57,high
143,76,basic
143,112,basic
143,135,basic
143,57,high
144,76,basic
144,112,basic
144,135,basic
144,57,high
145,85,basic
145,112,basic
145,193,basic
145,87,high
146,85,basic
146,112,basic
146,193,basic
146,87,high
147,85,basic
147,112,basic
147,193,basic
147,87,high
148,74,basic
148,112,basic
148,162,basic
148,196,high
149,74,basic
149,112,basic
149,162,basic
149,196,high
150,74,basic
150,112,basic
150,162,basic
150,102,high
150,196,high
151,14,basic
151,40,basic
151,42,basic
151,196,high
152,14,basic
152,40,basic
152,42,basic
152,196,high
153,14,basic
153,40,basic
153,42,basic
153,196,high
154,26,basic
154,184,basic
154,198,basic
154,175,high
155,26,basic
155,184,basic
155,198,basic
155,175,high
156,26,basic
156,45,basic
156,184,basic
156,198,basic
156,175,high
157,26,basic
157,184,basic
157,198,basic
157,32,high
158,37,basic
158,64,basic
158,83,basic
158,182,basic
158,143,high
159,37,basic
159,64,basic
159,182,basic
159,184,basic
159,143,high
160,37,basic
160,64,basic
160,182,basic
160,184,basic
160,143,high
161,66,basic
161,175,basic
161,184,basic
161,198,high
162,66,basic
162,82,basic
162,175,basic
162,184,basic
162,198,high
163,82,basic
163,123,basic
163,175,basic
163,184,basic
163,66,high
163,198,high
164,154,basic
164,175,basic
164,184,basic
164,26,high
165,154,basic
165,175,basic
165,184,basic
165,26,high
166,127,basic
166,154,basic
166,175,basic
166,184,basic
166,26,high
167,48,basic
167,68,basic
167,182,basic
167,184,basic
167,111,high
168,48,basic
168,68,basic
168,182,basic
168,184,basic
168,111,high
169,48,basic
169,68,basic
169,182,basic
169,184,basic
169,111,high
170,48,basic
170,68,basic
170,155,basic
170,200,high
171,48,basic
171,68,basic
171,155,basic
171,200,high
172,48,basic
172,68,basic
172,155,basic
172,200,high
173,37,basic
173,98,basic
173,177,basic
173,187,basic
173,180,high
174,37,basic
174,98,basic
174,177,basic
174,187,basic
174,180,high
175,37,basic
175,98,basic
175,177,basic
175,187,basic
175,180,high
175,119,mega
176,45,basic
176,98,basic
176,165,basic
176,177,basic
176,79,high
176,74,mega
177,74,basic
177,98,basic
177,177,basic
177,93,high
178,74,basic
178,98,basic
178,177,basic
178,93,high
179,74,basic
179,98,basic
179,177,basic
179,93,high
179,187,mega
180,47,basic
180,50,basic
180,98,basic
180,146,high
181,47,basic
181,50,basic
181,98,basic
181,146,high
182,47,basic
182,50,basic
182,98,basic
182,146,high
183,93,basic
183,98,basic
183,113,basic
183,134,high
184,93,basic
184,98,basic
184,113,basic
184,134,high
185,93,basic
185,98,basic
185,113,basic
185,134,high
186,45,basic
186,57,basic
186,109,basic
186,165,high
187,45,basic
187,57,basic
187,109,basic
187,165,high
188,45,basic
188,57,basic
188,109,basic
188,165,high
189,45,basic
189,57,basic
189,148,basic
189,78,high
190,45,basic
190,57,basic
190,148,basic
190,78,high
191,45,basic
191,57,basic
191,148,basic
191,78,high
192,82,basic
192,103,basic
192,136,basic
192,170,basic
192,142,high
193,82,basic
193,103,basic
193,136,basic
193,170,basic
193,142,high
194,82,basic
194,103,basic
194,136,basic
194,170,basic
194,142,high
195,103,basic
195,140,basic
195,170,basic
195,139,high
196,103,basic
196,140,basic
196,170,basic
196,139,high
197,103,basic
197,140,basic
197,170,basic
197,139,high
198,82,basic
198,87,basic
198,103,basic
198,136,basic
198,132,high
199,82,basic
199,87,basic
199,103,basic
199,136,basic
199,132,high
200,82,basic
200,87,basic
200,103,basic
200,136,basic
200,132,high
200,158,high
201,48,basic
201,82,basic
201,111,basic
201,155,basic
201,182,high
202,48,basic
202,82,basic
202,111,basic
202,155,basic
202,182,high
203,48,basic
203,82,basic
203,111,basic
203,155,basic
203,182,high
204,27,basic
204,76,basic
204,82,basic
204,104,basic
204,6,high
205,27,basic
205,76,basic
205,82,basic
205,104,basic
205,6,high
206,27,basic
206,76,basic
206,82,basic
206,104,basic
206,6,high
207,103,basic
207,136,basic
207,170,basic
207,191,basic
207,62,high
208,103,basic
208,136,basic
208,170,basic
208,191,basic
208,62,high
209,103,basic
209,136,basic
209,170,basic
209,191,basic
209,62,high
209,39,mega
210,99,basic
210,120,basic
210,191,basic
210,18,high
211,99,basic
211,120,basic
211,191,basic
211,18,high
212,99,basic
212,120,basic
212,191,basic
212,18,high
213,59,basic
213,76,basic
213,85,basic
213,194,basic
213,123,high
214,59,basic
214,76,basic
214,85,basic
214,194,basic
214,123,high
215,59,basic
215,76,basic
215,85,basic
215,194,basic
215,123,high
215,146,mega
216,59,basic
216,85,basic
216,177,basic
216,24,high
217,59,basic
217,85,basic
217,125,basic
217,24,high
218,59,basic
218,85,basic
218,125,basic
218,24,high
219,14,basic
219,40,basic
219,42,basic
219,59,basic
219,146,high
220,14,basic
220,40,basic
220,42,basic
220,59,basic
220,146,high
221,14,basic
221,40,basic
221,42,basic
221,59,basic
221,146,high
222,59,basic
222,67,basic
222,109,basic
222,191,basic
222,146,high
223,59,basic
223,67,basic
223,109,basic
223,191,basic
223,146,high
224,59,basic
224,164,basic
224,191,basic
224,109,high
224,146,high
225,8,basic
225,67,basic
225,82,basic
225,148,high
226,82,basic
226,85,basic
226,127,basic
226,142,basic
226,148,high
227,82,basic
227,85,basic
227,127,basic
227,142,basic
227,148,high
228,100,basic
228,127,basic
228,135,basic
228,193,high
229,100,basic
229,127,basic
229,135,basic
229,193,high
230,100,basic
230,127,basic
230,135,basic
230,193,high
231,25,basic
231,37,basic
231,93,basic
231,49,high
232,25,basic
232,37,basic
232,93,basic
232,49,high
233,25,basic
233,37,basic
233,93,basic
233,49,high
233,190,high
234,37,basic
234,65,basic
234,145,basic
234,172,high
235,37,basic
235,65,basic
235,90,basic
235,145,basic
235,172,high
236,37,basic
236,65,basic
236,90,basic
236,145,basic
236,172,high
237,37,basic
237,43,basic
237,44,basic
237,176,high
238,37,basic
238,43,basic
238,44,basic
238,176,high
239,37,basic
239,43,basic
239,44,basic
239,176,high
240,57,basic
240,83,basic
240,138,basic
240,65,high
241,57,basic
241,83,basic
241,138,basic
241,65,high
242,80,basic
242,83,basic
242,138,basic
242,50,high
243,80,basic
243,83,basic
243,138,basic
243,50,high
244,54,basic
244,83,basic
244,118,basic
244,129,high
245,54,basic
245,83,basic
245,118,basic
245,129,high
246,83,basic
246,151,basic
246,190,basic
246,101,high
247,83,basic
247,151,basic
247,184,basic
247,190,basic
247,101,high
248,80,basic
248,83,basic
248,138,basic
248,5,high
249,69,basic
249,80,basic
249,83,basic
249,5,high
250,16,basic
250,83,basic
250,118,basic
250,64,high
251,16,basic
251,82,basic
251,83,basic
251,118,basic
251,64,high
252,83,basic
252,118,basic
252,179,basic
252,193,high
253,83,basic
253,88,basic
253,179,basic
253,118,high
253,193,high
254,25,basic
254,83,basic
254,110,basic
254,203,high
255,25,basic
255,83,basic
255,110,basic
255,203,high
256,83,basic
256,88,basic
256,115,basic
256,80,high
257,83,basic
257,115,basic
257,182,basic
257,30,high
257,80,high
258,25,basic
258,83,basic
258,179,basic
258,152,high
259,25,basic
259,83,basic
259,179,basic
259,152,high
260,81,basic
260,83,basic
260,138,basic
260,88,high
261,25,basic
261,81,basic
261,83,basic
261,88,high
261,144,mega
262,83,basic
262,118,basic
262,138,basic
262,152,high
263,83,basic
263,118,basic
263,179,basic
263,152,high
264,17,basic
264,83,basic
264,114,basic
264,143,basic
264,145,high
265,17,basic
265,83,basic
265,114,basic
265,143,basic
265,145,high
266,83,basic
266,118,basic
266,129,basic
266,63,high
267,57,basic
267,83,basic
267,129,basic
267,63,high
267,193,high
268,83,basic
268,111,basic
268,115,basic
268,19,high
269,83,basic
269,111,basic
269,115,basic
269,19,high
270,83,basic
270,118,basic
270,182,basic
270,54,high
271,71,basic
271,83,basic
271,182,basic
271,54,high
272,147,basic
272,150,basic
272,173,basic
272,113,high
273,7,basic
273,114,basic
273,150,basic
273,173,basic
273,113,high
274,7,basic
274,82,basic
274,150,basic
274,173,basic
274,113,high
275,7,basic
275,150,basic
275,173,basic
275,191,basic
275,113,high
276,22,basic
276,90,basic
276,150,basic
276,173,basic
276,183,high
277,22,basic
277,47,basic
277,82,basic
277,173,basic
277,138,high
278,90,basic
278,160,basic
278,165,basic
278,173,basic
278,73,high
279,59,basic
279,125,basic
279,173,basic
279,202,basic
279,24,high
280,34,basic
280,36,basic
280,114,basic
280,173,basic
280,26,high
281,34,basic
281,36,basic
281,114,basic
281,173,basic
281,26,high
282,22,basic
282,173,basic
282,183,basic
282,194,basic
282,138,high
283,150,basic
283,173,basic
283,183,basic
283,194,basic
283,22,high
283,203,high
284,35,basic
284,50,basic
284,90,basic
284,173,basic
284,131,high
285,35,basic
285,50,basic
285,90,basic
285,173,basic
285,78,high
285,143,high
286,50,basic
286,75,basic
286,173,basic
286,194,basic
286,154,high
287,75,basic
287,76,basic
287,173,basic
287,194,basic
287,154,high
288,22,basic
288,90,basic
288,160,basic
288,173,basic
288,50,high
289,90,basic
289,160,basic
289,173,basic
289,183,basic
289,22,high
289,50,high
290,136,basic
290,170,basic
290,173,basic
290,113,high
291,136,basic
291,170,basic
291,173,basic
291,191,basic
291,113,high
292,173,basic
292,175,basic
292,184,basic
292,190,basic
292,130,high
293,76,basic
293,90,basic
293,150,basic
293,173,basic
293,193,high
294,111,basic
294,147,basic
294,173,basic
294,138,high
295,67,basic
295,150,basic
295,173,basic
295,159,high
295,179,high
296,63,basic
296,90,basic
296,118,basic
296,173,basic
296,65,high
297,63,basic
297,90,basic
297,125,basic
297,173,basic
297,193,high
298,103,basic
298,149,basic
298,170,basic
298,173,basic
298,200,high
299,103,basic
299,149,basic
299,170,basic
299,173,basic
299,200,high
300,12,basic
300,147,basic
300,173,basic
300,109,high
301,67,basic
301,149,basic
301,173,basic
301,191,basic
301,113,high
302,66,basic
302,149,basic
302,173,basic
302,113,high
303,66,basic
303,167,basic
303,173,basic
303,192,high
304,22,basic
304,112,basic
304,173,basic
304,193,basic
304,162,high
305,22,basic
305,112,basic
305,173,basic
305,193,basic
305,76,high
305,162,high
306,67,basic
306,90,basic
306,173,basic
306,179,basic
306,165,high
307,67,basic
307,173,basic
307,179,basic
307,191,basic
307,86,high
307,165,high
308,14,basic
308,40,basic
308,113,basic
308,173,basic
308,41,high
309,14,basic
309,40,basic
309,173,basic
309,183,basic
309,41,high
310,80,basic
310,83,basic
310,90,basic
310,144,basic
310,154,high
311,80,basic
311,83,basic
311,90,basic
311,144,basic
311,154,high
312,35,basic
312,83,basic
312,90,basic
312,138,basic
312,178,high
313,35,basic
313,83,basic
313,90,basic
313,138,basic
313,178,high
314,75,basic
314,80,basic
314,83,basic
314,90,basic
314,183,high
315,75,basic
315,80,basic
315,83,basic
315,90,basic
315,183,high
316,57,basic
316,83,basic
316,90,basic
316,196,basic
316,144,high
317,57,basic
317,83,basic
317,90,basic
317,196,basic
317,144,high
318,80,basic
318,83,basic
318,90,basic
318,148,basic
318,65,high
319,80,basic
319,83,basic
319,90,basic
319,148,basic
319,30,high
320,80,basic
320,83,basic
320,90,basic
320,108,basic
320,19,high
321,80,basic
321,90,basic
321,108,basic
321,127,basic
321,19,high
321,119,mega
322,76,basic
322,147,basic
322,194,basic
322,193,high
323,76,basic
323,147,basic
323,194,basic
323,193,high
324,3,basic
324,27,basic
324,166,basic
324,194,basic
324,80,high
325,3,basic
325,27,basic
325,166,basic
325,194,basic
325,80,high
326,166,basic
326,167,basic
326,194,basic
326,123,high
327,166,basic
327,167,basic
327,194,basic
327,123,high
328,85,basic
328,194,basic
328,201,basic
328,3,high
329,85,basic
329,194,basic
329,201,basic
329,3,high
330,89,basic
330,167,basic
330,194,basic
330,54,high
331,89,basic
331,167,basic
331,194,basic
331,54,high
332,166,basic
332,167,basic
332,194,basic
332,3,high
333,166,basic
333,194,basic
333,200,basic
333,3,high
334,12,basic
334,154,basic
334,173,basic
334,194,basic
334,80,high
335,12,basic
335,27,basic
335,154,basic
335,194,basic
335,80,high
336,7,basic
336,34,basic
336,45,basic
336,194,basic
336,123,high
337,7,basic
337,34,basic
337,45,basic
337,194,basic
337,123,high
338,122,basic
338,123,basic
338,184,basic
338,194,basic
338,1,high
339,122,basic
339,123,basic
339,127,basic
339,194,basic
339,1,high
340,82,basic
340,118,basic
340,142,basic
340,140,high
341,82,basic
341,137,basic
341,142,basic
341,140,high
342,8,basic
342,82,basic
342,142,basic
342,139,high
343,8,basic
343,82,basic
343,142,basic
343,139,high
344,82,basic
344,87,basic
344,136,basic
344,12,high
345,82,basic
345,87,basic
345,136,basic
345,12,high
346,67,basic
346,82,basic
346,90,basic
346,142,basic
346,71,high
347,67,basic
347,82,basic
347,90,basic
347,142,basic
347,71,high
347,121,high
348,50,basic
348,82,basic
348,118,basic
348,142,high
349,82,basic
349,132,basic
349,170,basic
349,142,high
350,82,basic
350,85,basic
350,98,basic
350,115,basic
350,142,high
351,8,basic
351,82,basic
351,141,basic
351,139,high
352,82,basic
352,139,basic
352,140,basic
352,100,high
353,82,basic
353,139,basic
353,140,basic
353,191,basic
353,100,high
354,59,basic
354,78,basic
354,81,basic
354,82,basic
354,109,high
355,59,basic
355,78,basic
355,81,basic
355,82,basic
355,109,high
356,103,basic
356,136,basic
356,170,basic
356,131,high
357,103,basic
357,136,basic
357,170,basic
357,131,high
358,95,basic
358,103,basic
358,170,basic
358,139,high
359,95,basic
359,103,basic
359,170,basic
359,191,basic
359,139,high
360,103,basic
360,154,basic
360,184,basic
360,185,basic
360,117,high
361,103,basic
361,154,basic
361,184,basic
361,185,basic
361,117,high
362,82,basic
362,103,basic
362,136,basic
362,170,basic
362,200,high
363,82,basic
363,136,basic
363,170,basic
363,191,basic
363,148,high
363,139,mega
364,61,basic
364,85,basic
364,98,basic
364,191,basic
364,62,high
365,61,basic
365,85,basic
365,98,basic
365,191,basic
365,62,high
366,17,basic
366,114,basic
366,157,basic
366,35,high
367,17,basic
367,114,basic
367,157,basic
367,35,high
368,17,basic
368,84,basic
368,114,basic
368,134,high
369,17,basic
369,84,basic
369,114,basic
369,134,high
370,17,basic
370,81,basic
370,114,basic
370,84,high
371,43,basic
371,114,basic
371,118,basic
371,84,high
371,143,high
372,73,basic
372,114,basic
372,124,basic
372,17,high
373,73,basic
373,114,basic
373,124,basic
373,17,high
374,17,basic
374,114,basic
374,115,basic
374,84,high
375,17,basic
375,114,basic
375,115,basic
375,43,high
375,84,high
376,17,basic
376,36,basic
376,114,basic
376,194,basic
376,134,high
377,17,basic
377,36,basic
377,114,basic
377,194,basic
377,134,high
378,36,basic
378,114,basic
378,121,basic
378,129,high
379,36,basic
379,45,basic
379,114,basic
379,121,basic
379,129,high
379,179,high
380,12,basic
380,77,basic
380,114,basic
380,191,basic
380,200,high
381,12,basic
381,77,basic
381,114,basic
381,191,basic
381,200,high
382,114,basic
382,137,basic
382,142,basic
382,198,high
383,27,basic
383,114,basic
383,137,basic
383,142,basic
383,198,high
384,17,basic
384,98,basic
384,114,basic
384,118,basic
384,58,high
385,17,basic
385,84,basic
385,98,basic
385,114,basic
385,58,high
386,48,basic
386,114,basic
386,155,basic
386,156,basic
386,159,high
387,48,basic
387,114,basic
387,155,basic
387,156,basic
387,159,high
388,114,basic
388,138,basic
388,143,basic
388,56,high
389,114,basic
389,138,basic
389,143,basic
389,56,high
390,14,basic
390,42,basic
390,80,basic
390,33,high
391,14,basic
391,42,basic
391,80,basic
391,33,high
392,14,basic
392,42,basic
392,76,basic
392,79,high
393,14,basic
393,42,basic
393,76,basic
393,79,high
394,14,basic
394,42,basic
394,138,basic
394,40,high
395,14,basic
395,42,basic
395,138,basic
395,40,high
396,14,basic
396,40,basic
396,94,basic
396,200,high
397,14,basic
397,40,basic
397,94,basic
397,103,basic
397,200,high
398,14,basic
398,82,basic
398,111,basic
398,151,basic
398,115,high
399,14,basic
399,82,basic
399,94,basic
399,158,basic
399,6,high
399,148,mega
400,14,basic
400,65,basic
400,74,basic
400,124,high
401,14,basic
401,98,basic
401,132,basic
401,148,basic
401,204,high
402,14,basic
402,98,basic
402,132,basic
402,148,basic
402,204,high
403,14,basic
403,83,basic
403,135,basic
403,193,basic
403,104,high
404,14,basic
404,83,basic
404,135,basic
404,193,basic
404,104,high
405,149,basic
405,170,basic
405,184,basic
405,131,high
406,67,basic
406,175,basic
406,184,basic
406,199,high
407,175,basic
407,184,basic
407,199,basic
407,66,high
408,98,basic
408,111,basic
408,115,basic
408,184,basic
408,134,high
409,98,basic
409,111,basic
409,115,basic
409,184,basic
409,134,high
409,149,mega
410,98,basic
410,111,basic
410,115,basic
410,184,basic
410,134,high
411,175,basic
411,184,basic
411,199,basic
411,87,high
412,175,basic
412,184,basic
412,199,basic
412,87,high
413,7,basic
413,82,basic
413,111,basic
413,184,basic
413,66,high
414,7,basic
414,82,basic
414,111,basic
414,184,basic
414,66,high
415,168,basic
415,175,basic
415,184,basic
415,199,high
416,168,basic
416,175,basic
416,184,basic
416,199,high
417,69,basic
417,112,basic
417,184,basic
417,197,basic
417,198,high
418,69,basic
418,112,basic
418,184,basic
418,197,basic
418,198,high
419,27,basic
419,137,basic
419,175,basic
419,184,basic
419,160,high
420,27,basic
420,137,basic
420,175,basic
420,184,basic
420,160,high
420,169,mega
421,50,basic
421,80,basic
421,90,basic
421,184,basic
421,130,high
422,50,basic
422,80,basic
422,90,basic
422,184,basic
422,130,high
422,198,high
423,13,basic
423,80,basic
423,90,basic
423,184,basic
423,66,high
424,13,basic
424,80,basic
424,90,basic
424,184,basic
424,66,high
425,18,basic
425,89,basic
425,184,basic
425,194,basic
425,130,high
426,18,basic
426,89,basic
426,184,basic
426,194,basic
426,130,high
427,24,basic
427,59,basic
427,184,basic
427,198,basic
427,26,high
428,24,basic
428,59,basic
428,184,basic
428,198,basic
428,26,high
429,149,basic
429,152,basic
429,184,basic
429,113,high
430,48,basic
430,149,basic
430,152,basic
430,184,basic
430,113,high
431,67,basic
431,149,basic
431,184,basic
431,148,high
432,67,basic
432,149,basic
432,184,basic
432,148,high
433,67,basic
433,149,basic
433,184,basic
433,1,high
434,27,basic
434,67,basic
434,149,basic
434,184,basic
434,1,high
435,67,basic
435,97,basic
435,184,basic
435,200,high
436,67,basic
436,97,basic
436,184,basic
436,200,high
437,69,basic
437,108,basic
437,184,basic
437,5,high
438,69,basic
438,98,basic
438,108,basic
438,184,basic
438,5,high
439,19,basic
439,26,basic
439,184,basic
439,175,high
440,19,basic
440,26,basic
440,184,basic
440,175,high
441,26,basic
441,82,basic
441,184,basic
441,198,basic
441,190,high
442,26,basic
442,82,basic
442,184,basic
442,198,basic
442,190,high
443,66,basic
443,182,basic
443,184,basic
443,68,high
444,48,basic
444,66,basic
444,182,basic
444,184,basic
444,68,high
445,167,basic
445,168,basic
445,184,basic
445,139,high
446,82,basic
446,167,basic
446,168,basic
446,184,basic
446,139,high
447,160,basic
447,175,basic
447,184,basic
447,199,high
448,160,basic
448,175,basic
448,184,basic
448,199,high
449,65,basic
449,154,basic
449,184,basic
449,101,high
450,154,basic
450,171,basic
450,184,basic
450,101,high
451,90,basic
451,175,basic
451,184,basic
451,198,basic
451,199,high
452,90,basic
452,175,basic
452,184,basic
452,198,basic
452,199,high
453,151,basic
453,175,basic
453,184,basic
453,131,high
454,76,basic
454,90,basic
454,165,basic
454,184,basic
454,104,high
454,100,mega
455,151,basic
455,175,basic
455,184,basic
455,1,high
456,96,basic
456,175,basic
456,184,basic
456,25,high
457,111,basic
457,184,basic
457,199,basic
457,125,high
458,111,basic
458,184,basic
458,199,basic
458,125,high
458,182,high
459,48,basic
459,68,basic
459,74,basic
459,101,high
460,48,basic
460,68,basic
460,74,basic
460,101,high
460,133,mega
461,48,basic
461,59,basic
461,93,basic
461,155,basic
461,24,high
462,25,basic
462,48,basic
462,155,basic
462,131,high
463,48,basic
463,76,basic
463,155,basic
463,175,high
464,48,basic
464,68,basic
464,115,basic
464,170,high
465,48,basic
465,68,basic
465,115,basic
465,170,high
466,112,basic
466,159,basic
466,162,basic
466,3,high
467,112,basic
467,159,basic
467,162,basic
467,3,high
468,87,basic
468,112,basic
468,162,basic
468,99,high
468,120,high
469,87,basic
469,112,basic
469,162,basic
469,99,high
469,120,high
469,76,mega
470,87,basic
470,102,basic
470,112,basic
470,143,high
471,87,basic
471,102,basic
471,112,basic
471,143,high
472,34,basic
472,83,basic
472,112,basic
472,142,basic
472,157,high
473,34,basic
473,83,basic
473,112,basic
473,142,basic
473,157,high
474,35,basic
474,90,basic
474,98,basic
474,177,basic
474,92,high
475,35,basic
475,90,basic
475,98,basic
475,177,basic
475,92,high
476,81,basic
476,90,basic
476,98,basic
476,190,basic
476,151,high
477,81,basic
477,90,basic
477,98,basic
477,190,basic
477,151,high
478,98,basic
478,115,basic
478,182,basic
478,54,high
479,98,basic
479,115,basic
479,182,basic
479,54,high
480,47,basic
480,98,basic
480,177,basic
480,180,high
481,47,basic
481,98,basic
481,177,basic
481,180,high
482,98,basic
482,177,basic
482,180,basic
482,5,high
483,98,basic
483,177,basic
483,180,basic
483,5,high
484,47,basic
484,75,basic
484,98,basic
484,74,high
485,47,basic
485,75,basic
485,98,basic
485,74,high
486,73,basic
486,80,basic
486,98,basic
486,115,high
487,73,basic
487,80,basic
487,98,basic
487,115,high
487,124,high
488,73,basic
488,80,basic
488,98,basic
488,115,high
488,124,high
489,47,basic
489,48,basic
489,98,basic
489,111,basic
489,66,high
490,47,basic
490,48,basic
490,98,basic
490,111,basic
490,34,high
490,66,high
491,39,basic
491,98,basic
491,159,basic
491,179,high
492,39,basic
492,98,basic
492,159,basic
492,179,high
493,85,basic
493,98,basic
493,145,basic
493,93,high
494,85,basic
494,98,basic
494,145,basic
494,93,high
495,98,basic
495,146,basic
495,190,basic
495,180,high
496,98,basic
496,146,basic
496,190,basic
496,180,high
497,45,basic
497,57,basic
497,165,basic
497,196,high
498,45,basic
498,88,basic
498,132,basic
498,192,high
499,45,basic
499,78,basic
499,80,basic
499,74,high
500,45,basic
500,76,basic
500,179,basic
500,165,high
501,6,basic
501,45,basic
501,196,basic
501,30,high
502,6,basic
502,45,basic
502,196,basic
502,30,high
503,45,basic
503,74,basic
503,134,basic
503,132,high
504,45,basic
504,74,basic
504,134,basic
504,132,high
505,45,basic
505,57,basic
505,182,basic
505,148,high
506,45,basic
506,57,basic
506,182,basic
506,148,high
507,45,basic
507,74,basic
507,98,basic
507,128,basic
507,180,high
508,45,basic
508,74,basic
508,98,basic
508,128,basic
508,180,high
509,45,basic
509,74,basic
509,165,basic
509,124,high
510,45,basic
510,74,basic
510,165,basic
510,191,basic
510,79,high
510,124,high
510,1,mega
511,45,basic
511,78,basic
511,100,basic
511,144,high
512,27,basic
512,45,basic
512,78,basic
512,100,basic
512,144,high
513,27,basic
513,75,basic
513,90,basic
513,172,basic
513,124,high
514,27,basic
514,75,basic
514,90,basic
514,172,basic
514,124,high
515,13,basic
515,27,basic
515,90,basic
515,113,basic
515,200,high
516,13,basic
516,27,basic
516,90,basic
516,113,basic
516,200,high
517,27,basic
517,88,basic
517,192,basic
517,124,high
518,27,basic
518,88,basic
518,192,basic
518,124,high
519,14,basic
519,27,basic
519,35,basic
519,42,basic
519,193,high
520,14,basic
520,27,basic
520,35,basic
520,42,basic
520,193,high
520,157,mega
521,27,basic
521,129,basic
521,138,basic
521,131,high
522,27,basic
522,76,basic
522,129,basic
522,104,high
522,131,high
523,27,basic
523,45,basic
523,104,basic
523,147,basic
523,76,high
524,27,basic
524,45,basic
524,104,basic
524,147,basic
524,76,high
525,27,basic
525,48,basic
525,74,basic
525,80,basic
525,117,high
526,27,basic
526,48,basic
526,68,basic
526,125,basic
526,117,high
527,27,basic
527,30,basic
527,74,basic
527,191,basic
527,125,high
528,27,basic
528,30,basic
528,74,basic
528,191,basic
528,125,high
529,27,basic
529,70,basic
529,124,basic
529,117,high
530,27,basic
530,70,basic
530,124,basic
530,117,high
531,23,basic
531,27,basic
531,98,basic
531,171,basic
531,73,high
532,23,basic
532,27,basic
532,98,basic
532,171,basic
532,73,high
533,59,basic
533,85,basic
533,177,basic
533,24,high
534,59,basic
534,85,basic
534,177,basic
534,24,high
535,50,basic
535,59,basic
535,75,basic
535,24,high
536,50,basic
536,59,basic
536,75,basic
536,24,high
536,124,mega
537,3,basic
537,59,basic
537,90,basic
537,192,basic
537,41,high
538,3,basic
538,59,basic
538,90,basic
538,192,basic
538,41,high
539,24,basic
539,59,basic
539,107,basic
539,142,high
540,24,basic
540,59,basic
540,107,basic
540,142,high
541,50,basic
541,59,basic
541,108,basic
541,114,basic
541,58,high
542,50,basic
542,59,basic
542,108,basic
542,114,basic
542,58,high
543,50,basic
543,59,basic
543,114,basic
543,118,basic
543,75,high
544,50,basic
544,59,basic
544,114,basic
544,118,basic
544,75,high
545,37,basic
545,76,basic
545,138,basic
545,131,high
546,37,basic
546,76,basic
546,129,basic
546,131,high
547,37,basic
547,60,basic
547,118,basic
547,9,high
548,37,basic
548,60,basic
548,118,basic
548,9,high
549,37,basic
549,167,basic
549,174,basic
549,192,high
550,37,basic
550,167,basic
550,174,basic
550,192,high
551,50,basic
551,73,basic
551,90,basic
551,127,basic
551,180,high
552,50,basic
552,73,basic
552,90,basic
552,127,basic
552,180,high
553,54,basic
553,74,basic
553,114,basic
553,124,high
554,54,basic
554,74,basic
554,114,basic
554,124,high
555,14,basic
555,54,basic
555,74,basic
555,124,high
556,14,basic
556,54,basic
556,74,basic
556,124,high
557,54,basic
557,74,basic
557,184,basic
557,124,high
558,54,basic
558,74,basic
558,184,basic
558,124,high
559,74,basic
559,80,basic
559,83,basic
559,90,basic
559,30,high
560,80,basic
560,83,basic
560,90,basic
560,178,basic
560,13,high
561,45,basic
561,88,basic
561,90,basic
561,192,basic
561,100,high
562,83,basic
562,138,basic
562,145,basic
562,131,high
563,83,basic
563,144,basic
563,182,basic
563,143,high
564,6,basic
564,76,basic
564,83,basic
564,148,high
565,83,basic
565,132,basic
565,143,basic
565,159,high
566,50,basic
566,76,basic
566,90,basic
566,143,high
567,60,basic
567,83,basic
567,134,basic
567,81,high
567,93,high
568,83,basic
568,115,basic
568,178,basic
568,23,high
569,51,basic
569,83,basic
569,138,basic
569,144,high
570,20,basic
570,39,basic
570,83,basic
570,73,high
571,46,basic
571,83,basic
571,85,basic
571,19,high
571,32,high
571,33,high
572,83,basic
572,115,basic
572,179,basic
572,101,high
573,35,basic
573,83,basic
573,144,basic
573,74,high
573,116,mega
574,71,basic
574,83,basic
574,196,basic
574,186,high
575,76,basic
575,147,basic
575,194,basic
575,73,high
576,54,basic
576,103,basic
576,170,basic
576,173,basic
576,23,high
577,65,basic
577,118,basic
577,173,basic
577,191,basic
577,143,high
577,188,high
578,67,basic
578,100,basic
578,173,basic
578,104,high
578,2,mega
579,45,basic
579,57,basic
579,173,basic
579,200,basic
579,104,high
579,152,mega
580,17,basic
580,85,basic
580,114,basic
580,137,high
581,17,basic
581,114,basic
581,198,basic
581,168,high
582,17,basic
582,90,basic
582,114,basic
582,157,basic
582,58,high
583,14,basic
583,149,basic
583,201,basic
583,42,high
584,14,basic
584,42,basic
584,54,basic
584,201,high
585,122,basic
585,175,basic
585,184,basic
585,194,basic
585,76,high
586,1,basic
586,132,basic
586,184,basic
586,100,high
587,103,basic
587,136,basic
587,175,basic
587,184,basic
587,170,high
588,65,basic
588,103,basic
588,108,basic
588,184,basic
588,134,high
589,175,basic
589,184,basic
589,199,basic
589,66,high
590,60,basic
590,66,basic
590,184,basic
590,134,high
591,48,basic
591,149,basic
591,184,basic
591,198,basic
591,66,high
592,48,basic
592,65,basic
592,90,basic
592,196,basic
592,75,high
593,48,basic
593,85,basic
593,155,basic
593,156,high
594,112,basic
594,118,basic
594,138,basic
594,197,high
595,25,basic
595,90,basic
595,112,basic
595,162,basic
595,102,high
596,16,basic
596,37,basic
596,112,basic
596,118,basic
596,99,high
596,120,high
597,82,basic
597,88,basic
597,112,basic
597,162,basic
597,142,high
598,59,basic
598,85,basic
598,112,basic
598,125,basic
598,102,high
599,35,basic
599,74,basic
599,83,basic
599,98,basic
599,143,high
600,90,basic
600,93,basic
600,98,basic
600,203,basic
600,183,high
601,37,basic
601,67,basic
601,76,basic
601,191,basic
601,148,high
601,64,mega
602,80,basic
602,90,basic
602,170,basic
602,191,basic
602,200,high
603,27,basic
603,125,basic
603,172,basic
603,79,high
603,92,mega
604,27,basic
604,59,basic
604,80,basic
604,163,basic
604,124,high
604,92,mega
605,27,basic
605,59,basic
605,125,basic
605,201,basic
605,73,high
606,127,basic
606,137,basic
606,148,basic
606,100,high
607,15,basic
607,18,basic
607,37,basic
607,103,basic
607,170,high
608,37,basic
608,50,basic
608,124,basic
608,191,basic
608,91,high
609,112,basic
609,120,basic
609,162,basic
609,25,high
610,99,basic
610,112,basic
610,162,basic
610,25,high
611,69,basic
611,111,basic
611,173,basic
611,124,high
612,111,basic
612,173,basic
612,183,basic
612,124,high
613,85,basic
613,98,basic
613,103,basic
613,158,basic
613,93,high
614,85,basic
614,98,basic
614,103,basic
614,158,basic
614,93,high
615,45,basic
615,57,basic
615,74,basic
615,100,high
616,45,basic
616,74,basic
616,170,basic
616,100,high
617,83,basic
617,88,basic
617,170,basic
617,72,high
618,47,basic
618,85,basic
618,98,basic
618,53,high
619,1,basic
619,83,basic
619,138,basic
619,7,high
620,175,basic
620,184,basic
620,198,basic
620,66,high
621,102,basic
621,112,basic
621,197,basic
621,129,high
622,14,basic
622,40,basic
622,42,basic
622,57,high
623,98,basic
623,177,basic
623,187,basic
623,92,high
624,27,basic
624,177,basic
624,187,basic
624,74,high
625,17,basic
625,84,basic
625,114,basic
625,143,high
626,18,basic
626,48,basic
626,155,basic
626,68,high
627,25,basic
627,37,basic
627,50,basic
627,119,high
628,103,basic
628,149,basic
628,175,basic
628,184,basic
628,200,high
629,103,basic
629,149,basic
629,175,basic
629,184,basic
629,200,high
630,12,basic
630,103,basic
630,175,basic
630,184,basic
630,200,high
631,12,basic
631,103,basic
631,175,basic
631,184,basic
631,200,high
632,103,basic
632,114,basic
632,167,basic
632,171,basic
632,168,high
633,103,basic
633,114,basic
633,167,basic
633,171,basic
633,168,high
634,12,basic
634,103,basic
634,136,basic
634,173,basic
634,175,high
635,12,basic
635,103,basic
635,136,basic
635,173,basic
635,175,high
636,100,basic
636,103,basic
636,136,basic
636,148,high
637,100,basic
637,103,basic
637,136,basic
637,148,high
638,103,basic
638,136,basic
638,170,basic
638,191,basic
638,159,high
639,103,basic
639,136,basic
639,170,basic
639,191,basic
639,159,high
640,103,basic
640,158,basic
640,170,basic
640,184,basic
640,175,high
641,103,basic
641,158,basic
641,170,basic
641,184,basic
641,175,high
642,13,basic
642,29,basic
642,90,basic
642,103,basic
642,76,high
643,13,basic
643,29,basic
643,90,basic
643,103,basic
643,76,high
644,76,basic
644,103,basic
644,127,basic
644,169,basic
644,67,high
645,76,basic
645,103,basic
645,127,basic
645,169,basic
645,67,high
646,48,basic
646,103,basic
646,133,basic
646,200,basic
646,156,high
647,48,basic
647,103,basic
647,133,basic
647,200,basic
647,156,high
648,90,basic
648,103,basic
648,125,basic
648,136,basic
648,193,high
648,185,mega
649,127,basic
649,147,basic
649,175,basic
649,96,high
650,127,basic
650,147,basic
650,175,basic
650,96,high
651,74,basic
651,90,basic
651,127,basic
651,201,basic
651,105,high
652,57,basic
652,74,basic
652,82,basic
652,103,basic
652,142,high
653,82,basic
653,103,basic
653,136,basic
653,147,basic
653,12,high
654,27,basic
654,76,basic
654,103,basic
654,141,basic
654,193,high
655,127,basic
655,136,basic
655,196,basic
655,148,high
656,12,basic
656,127,basic
656,136,basic
656,113,high
657,76,basic
657,90,basic
657,127,basic
657,201,basic
657,104,high
657,148,high
657,2,mega
658,18,basic
658,87,basic
658,98,basic
658,191,basic
658,62,high
658,86,high
659,18,basic
659,87,basic
659,98,basic
659,191,basic
659,62,high
659,86,high
660,18,basic
660,87,basic
660,98,basic
660,191,basic
660,62,high
660,86,high
661,82,basic
661,127,basic
661,142,basic
661,196,basic
661,137,high
662,76,basic
662,82,basic
662,127,basic
662,142,basic
662,137,high
663,76,basic
663,82,basic
663,127,basic
663,142,basic
663,137,high
663,139,mega
664,27,basic
664,65,basic
664,81,basic
664,127,basic
664,124,high
665,27,basic
665,65,basic
665,81,basic
665,127,basic
665,124,high
666,27,basic
666,65,basic
666,85,basic
666,127,basic
666,67,high
667,66,basic
667,127,basic
667,143,basic
667,55,high
668,66,basic
668,127,basic
668,143,basic
668,55,high
669,66,basic
669,127,basic
669,143,basic
669,55,high
670,98,basic
670,145,basic
670,177,basic
670,70,high
670,172,high
671,31,basic
671,98,basic
671,125,basic
671,5,high
671,193,high
671,165,mega
672,5,basic
672,31,basic
672,173,basic
672,191,basic
672,73,high
672,125,high
673,14,basic
673,42,basic
673,61,basic
673,191,basic
673,40,high
673,158,high
674,48,basic
674,68,basic
674,90,basic
674,125,basic
674,57,high
674,155,high
675,90,basic
675,102,basic
675,112,basic
675,125,basic
675,57,high
675,87,high
676,14,basic
676,42,basic
676,90,basic
676,125,basic
676,40,high
676,57,high
677,102,basic
677,112,basic
677,125,basic
677,160,high
677,197,high
678,14,basic
678,40,basic
678,125,basic
678,42,high
678,160,high
679,125,basic
679,175,basic
679,184,basic
679,160,high
679,198,high
680,18,basic
680,103,basic
680,125,basic
680,158,high
680,170,high
681,18,basic
681,48,basic
681,125,basic
681,68,high
681,158,high
682,83,basic
682,125,basic
682,153,basic
682,64,high
682,101,high
683,45,basic
683,67,basic
683,79,basic
683,191,basic
683,6,high
683,12,high
684,45,basic
684,67,basic
684,79,basic
684,103,basic
684,6,high
684,12,high
685,45,basic
685,67,basic
685,79,basic
685,114,basic
685,6,high
685,12,high
686,45,basic
686,67,basic
686,79,basic
686,184,basic
686,6,high
686,12,high
687,85,basic
687,98,basic
687,125,basic
687,30,high
687,73,high
688,85,basic
688,98,basic
688,125,basic
688,30,high
688,73,high
689,85,basic
689,98,basic
689,125,basic
689,30,high
689,73,high
690,50,basic
690,90,basic
690,124,basic
690,30,high
690,32,high
690,134,high
691,50,basic
691,90,basic
691,112,basic
691,124,basic
691,30,high
691,32,high
691,197,high
692,82,basic
692,90,basic
692,124,basic
692,139,basic
692,30,high
692,76,high
692,148,high
693,90,basic
693,93,basic
693,98,basic
693,125,basic
693,105,high
693,165,high
694,14,basic
694,90,basic
694,125,basic
694,145,basic
694,105,high
694,134,high
695,85,basic
695,98,basic
695,127,basic
695,172,basic
695,93,high
695,160,high
696,85,basic
696,98,basic
696,127,basic
696,172,basic
696,93,high
696,160,high
697,66,basic
697,145,basic
697,184,basic
697,26,high
697,130,high
698,66,basic
698,145,basic
698,184,basic
698,26,high
698,130,high
699,98,basic
699,108,basic
699,114,basic
699,145,basic
699,93,high
699,105,high
700,98,basic
700,145,basic
700,172,basic
700,191,basic
700,93,high
700,195,high
701,14,basic
701,30,basic
701,98,basic
701,195,basic
701,41,high
701,42,high
702,108,basic
702,114,basic
702,145,basic
702,43,high
702,84,high
703,90,basic
703,108,basic
703,114,basic
703,145,basic
703,43,high
703,84,high
704,83,basic
704,98,basic
704,115,basic
704,145,basic
704,159,high
704,172,high
705,18,basic
705,37,basic
705,103,basic
705,145,basic
705,172,high
705,92,mega
706,31,basic
706,98,basic
706,125,basic
706,5,high
706,30,high
707,11,basic
707,27,basic
707,125,basic
707,24,high
707,92,high
708,85,basic
708,98,basic
708,145,basic
708,92,high
708,172,high
709,32,basic
709,125,basic
709,184,basic
709,66,high
709,198,high
710,33,basic
710,82,basic
710,125,basic
710,139,high
710,157,high
711,4,basic
711,90,basic
711,125,basic
711,127,basic
711,96,high
711,160,high
712,14,basic
712,42,basic
712,127,basic
712,189,basic
712,33,high
712,125,high
713,87,basic
713,112,basic
713,127,basic
713,181,basic
713,32,high
713,102,high
714,48,basic
714,68,basic
714,125,basic
714,127,basic
714,156,high
714,160,high
715,37,basic
715,38,basic
715,125,basic
715,92,high
715,145,high
716,27,basic
716,28,basic
716,90,basic
716,125,basic
716,24,high
716,30,high
717,10,basic
717,82,basic
717,125,basic
717,127,basic
717,73,high
717,134,high
718,125,basic
718,127,basic
718,177,basic
718,191,basic
718,30,high
718,180,high
719,125,basic
719,127,basic
719,177,basic
719,184,basic
719,30,high
719,180,high
720,59,basic
720,85,basic
720,125,basic
720,127,basic
720,30,high
720,180,high
722,82,basic
722,111,basic
722,141,basic
722,139,high
