id,number,name,generation,type1,type2,stage,hp,atk,def,satk,sdef,spd,overland,surface,underwater,sky,burrow,jump,power,intelligence,height,weight,gender,capture_rate,exp_drop,mega_atk,mega_def,mega_satk,mega_sdef,mega_spd,mega_type,mega_atk2,mega_def2,mega_satk2,mega_sdef2,mega_spd2,mega_ability2
1,001,Bulbasaur,1,Grass,Poison,1,5,5,5,7,7,5,7,2,,,,2,1,3,Small,1,"87.5% M / 12.5% F",20,15,0,0,0,0,0,,0,0,0,0,0,
2,002,Ivysaur,1,Grass,Poison,2,6,6,6,8,8,6,8,2,,,,2,2,3,Medium,2,"87.5% M / 12.5% F",10,30,0,0,0,0,0,,0,0,0,0,0,
3,003,Venusaur,1,Grass,Poison,3,8,8,8,10,10,8,9,2,,,,1,4,4,Large,5,"87.5% M / 12.5% F",5,50,2,4,2,2,0,,0,0,0,0,0,
4,004,Chikorita,2,Grass,,1,5,5,7,5,7,5,7,2,,,,2,1,3,Small,1,"87.5% M / 12.5% F",20,15,0,0,0,0,0,,0,0,0,0,0,
5,005,Bayleef,2,Grass,,2,6,6,8,6,8,6,8,2,,,,3,2,3,Medium,2,"87.5% M / 12.5% F",10,30,0,0,0,0,0,,0,0,0,0,0,
6,006,Meganium,2,Grass,,3,8,8,10,8,10,8,9,2,,,,3,4,4,Large,5,"87.5% M / 12.5% F",5,50,0,0,0,0,0,,0,0,0,0,0,
7,007,Treecko,3,Grass,,1,4,5,4,7,6,7,8,2,,,,4,1,3,Small,1,"87.5% M / 12.5% F",20,15,0,0,0,0,0,,0,0,0,0,0,
8,008,Grovyle,3,Grass,,2,5,7,5,9,6,7,10,2,,,,5,2,3,Medium,2,"87.5% M / 12.5% F",10,30,0,0,0,0,0,,0,0,0,0,0,
9,009,Sceptile,3,Grass,,3,7,9,7,11,9,12,12,4,,,,6,4,4,Medium,4,"87.5% M / 12.5% F",5,50,2,1,4,0,3,Dragon,0,0,0,0,0,
10,010,Turtwig,4,Grass,,1,6,7,6,5,6,3,4,2,,,4,3,1,3,Small,1,"87.5% M / 12.5% F",20,15,0,0,0,0,0,,0,0,0,0,0,
11,011,Grotle,4,Grass,,2,8,9,9,6,7,4,5,,,,,1,2,3,Medium,4,"87.5% M / 12.5% F",10,30,0,0,0,0,0,,0,0,0,0,0,
12,012,Torterra,4,Grass,Ground,3,10,11,11,8,9,4,6,,,,,1,4,4,Large,6,"87.5% M / 12.5% F",5,50,0,0,0,0,0,,0,0,0,0,0,
13,013,Snivy,5,Grass,,1,5,5,6,5,6,6,6,4,,,2,1,2,4,Small,1,"87.5% M / 12.5% F",20,15,0,0,0,0,0,,0,0,0,0,0,
14,014,Servine,5,Grass,,2,6,6,8,6,8,8,8,6,,,4,1,3,4,Small,2,"87.5% M / 12.5% F",10,30,0,0,0,0,0,,0,0,0,0,0,
15,015,Serperior,5,Grass,,3,8,8,10,8,10,11,10,8,,,6,2,4,5,Large,4,"87.5% M / 12.5% F",5,50,0,0,0,0,0,,0,0,0,0,0,
16,016,Chespin,6,Grass,,1,6,6,7,5,5,4,5,4,,,2,2,2,3,Small,3,"87.5% M / 12.5% F",20,15,0,0,0,0,0,,0,0,0,0,0,
17,017,Quilladin,6,Grass,,2,6,8,10,6,6,6,5,4,,,2,2,2,4,Small,3,"87.5% M / 12.5% F",10,30,0,0,0,0,0,,0,0,0,0,0,
18,018,Chesnaught,6,Grass,Fighting,3,9,11,12,7,8,6,7,5,,,2,3,4,4,Medium,4,"87.5% M / 12.5% F",5,50,0,0,0,0,0,,0,0,0,0,0,
19,019,Charmander,1,Fire,,1,4,5,4,6,5,7,6,,,,,3,1,3,Small,1,"87.5% M / 12.5% F",20,15,0,0,0,0,0,,0,0,0,0,0,
20,020,Charmeleon,1,Fire,,2,6,6,6,8,7,8,6,,,,,3,2,3,Medium,2,"87.5% M / 12.5% F",10,30,0,0,0,0,0,,0,0,0,0,0,
21,021,Charizard,1,Fire,Flying,3,8,8,8,11,9,10,6,,,10,,2,4,4,Medium,4,"87.5% M / 12.5% F",5,50,5,3,2,0,0,Dragon,2,0,5,3,0,33
22,022,Cyndaquil,2,Fire,,1,4,5,4,6,5,7,8,,,,,3,1,3,Small,1,"87.5% M / 12.5% F",20,15,0,0,0,0,0,,0,0,0,0,0,
23,023,Quilava,2,Fire,,2,6,6,6,8,7,8,10,,,,,2,2,3,Small,2,"87.5% M / 12.5% F",10,30,0,0,0,0,0,,0,0,0,0,0,
24,024,Typhlosion,2,Fire,,3,8,8,8,11,9,10,11,,,,,3,4,4,Medium,4,"87.5% M / 12.5% F",5,50,0,0,0,0,0,,0,0,0,0,0,
25,025,Torchic,3,Fire,,1,5,6,4,7,5,5,4,,,,,1,1,2,Small,1,"87.5% M / 12.5% F",20,15,0,0,0,0,0,,0,0,0,0,0,
26,026,Combusken,3,Fire,Fighting,2,6,9,6,9,6,6,8,1,,,,3,4,3,Small,2,"87.5% M / 12.5% F",10,30,0,0,0,0,0,,0,0,0,0,0,
27,027,Blaziken,3,Fire,Fighting,3,8,12,7,11,7,8,12,1,,,,7,5,4,Medium,4,"87.5% M / 12.5% F",5,50,4,1,2,1,2,,0,0,0,0,0,
28,028,Chimchar,4,Fire,,1,4,6,4,6,4,6,5,,,,,2,1,3,Small,1,"87.5% M / 12.5% F",20,15,0,0,0,0,0,,0,0,0,0,0,
29,029,Monferno,4,Fire,Fighting,2,6,8,5,8,5,8,7,,,,,3,3,4,Small,2,"87.5% M / 12.5% F",10,30,0,0,0,0,0,,0,0,0,0,0,
30,030,Infernape,4,Fire,Fighting,3,8,10,7,10,7,10,10,,,,,4,5,4,Medium,4,"87.5% M / 12.5% F",5,50,0,0,0,0,0,,0,0,0,0,0,
31,031,Tepig,5,Fire,,1,7,6,5,5,5,5,6,4,,,,2,3,3,Small,1,"87.5% M / 12.5% F",20,15,0,0,0,0,0,,0,0,0,0,0,
32,032,Pignite,5,Fire,Fighting,2,9,9,6,7,6,6,7,5,,,,4,5,4,Medium,4,"87.5% M / 12.5% F",10,30,0,0,0,0,0,,0,0,0,0,0,
33,033,Emboar,5,Fire,Fighting,3,11,12,7,10,7,7,8,6,,,,5,6,4,Medium,5,"87.5% M / 12.5% F",5,50,0,0,0,0,0,,0,0,0,0,0,
34,034,Fennekin,6,Fire,,1,4,5,4,6,6,6,6,2,,,,1,3,4,Small,1,"87.5% M / 12.5% F",20,15,0,0,0,0,0,,0,0,0,0,0,
35,035,Braixen,6,Fire,,2,6,6,6,9,7,7,8,2,,,,3,3,5,Medium,2,"87.5% M / 12.5% F",10,30,0,0,0,0,0,,0,0,0,0,0,
36,036,Delphox,6,Fire,,3,8,7,7,11,10,10,10,4,,,,3,3,5,Medium,3,"87.5% M / 12.5% F",5,50,0,0,0,0,0,,0,0,0,0,0,
37,037,Squirtle,1,Water,,1,4,5,7,5,6,4,6,8,5,,,2,1,3,Small,1,"87.5% M / 12.5% F",20,15,0,0,0,0,0,,0,0,0,0,0,
38,038,Wartortle,1,Water,,2,6,6,8,7,8,6,6,10,8,,,2,2,3,Medium,2,"87.5% M / 12.5% F",10,30,0,0,0,0,0,,0,0,0,0,0,
39,039,Blastoise,1,Water,,3,8,8,10,9,11,8,4,12,10,,,1,4,4,Medium,4,"87.5% M / 12.5% F",5,50,2,2,5,1,0,,0,0,0,0,0,
40,040,Totodile,2,Water,,1,5,7,6,4,5,4,6,8,,,,3,1,2,Small,1,"87.5% M / 12.5% F",20,15,0,0,0,0,0,,0,0,0,0,0,
41,041,Croconaw,2,Water,,2,7,8,8,6,6,6,7,9,5,,,3,3,3,Medium,2,"87.5% M / 12.5% F",10,30,0,0,0,0,0,,0,0,0,0,0,
42,042,Feraligatr,2,Water,,3,9,11,10,8,8,8,9,10,8,,,2,4,4,Large,4,"87.5% M / 12.5% F",5,50,0,0,0,0,0,,0,0,0,0,0,
43,043,Mudkip,3,Water,,1,5,7,5,5,5,4,5,5,5,,,1,1,3,Small,1,"87.5% M / 12.5% F",20,15,0,0,0,0,0,,0,0,0,0,0,
44,044,Marshtomp,3,Water,Ground,2,7,9,7,6,7,5,6,6,6,,6,1,2,3,Small,3,"87.5% M / 12.5% F",10,30,0,0,0,0,0,,0,0,0,0,0,
45,045,Swampert,3,Water,Ground,3,10,11,9,9,9,6,7,7,7,,7,2,4,4,Medium,4,"87.5% M / 12.5% F",5,50,4,2,1,2,1,,0,0,0,0,0,
46,046,Piplup,4,Water,,1,5,5,5,6,6,4,4,6,3,,,1,1,2,Small,1,"87.5% M / 12.5% F",20,15,0,0,0,0,0,,0,0,0,0,0,
47,047,Prinplup,4,Water,,2,6,7,7,8,8,5,5,8,5,,,2,2,3,Small,2,"87.5% M / 12.5% F",10,30,0,0,0,0,0,,0,0,0,0,0,
48,048,Empoleon,4,Water,Steel,3,8,9,9,11,10,6,5,14,12,,,2,4,4,Medium,4,"87.5% M / 12.5% F",5,50,0,0,0,0,0,,0,0,0,0,0,
49,049,Oshawott,5,Water,,1,6,6,5,6,5,5,6,8,6,,,2,2,3,Small,1,"87.5% M / 12.5% F",20,15,0,0,0,0,0,,0,0,0,0,0,
50,050,Dewott,5,Water,,2,8,8,6,8,6,6,7,9,7,,,3,3,4,Medium,2,"87.5% M / 12.5% F",10,30,0,0,0,0,0,,0,0,0,0,0,
51,051,Samurott,5,Water,,3,10,10,9,8,7,7,8,10,8,,,3,4,4,Large,4,"87.5% M / 12.5% F",5,50,0,0,0,0,0,,0,0,0,0,0,
52,052,Froakie,6,Water,,1,4,6,4,6,4,7,6,8,,,,3,1,3,Small,1,"87.5% M / 12.5% F",20,15,0,0,0,0,0,,0,0,0,0,0,
53,053,Frogadier,6,Water,,2,5,6,5,8,6,10,8,8,,,,4,2,4,Small,1,"87.5% M / 12.5% F",10,30,0,0,0,0,0,,0,0,0,0,0,
54,054,Greninja,6,Water,Dark,3,7,10,7,10,7,12,12,10,,,,5,3,5,Medium,3,"87.5% M / 12.5% F",5,50,0,0,0,0,0,,0,0,0,0,0,
55,055,Caterpie,1,Bug,,1,5,3,4,2,2,5,3,,,,1,2,2,2,Small,1,"50% M / 50% F",45,5,0,0,0,0,0,,0,0,0,0,0,
56,056,Metapod,1,Bug,,2,5,2,6,3,3,3,1,,,,,4,2,2,Small,1,"50% M / 50% F",30,10,0,0,0,0,0,,0,0,0,0,0,
57,057,Butterfree,1,Bug,Flying,3,6,5,5,9,8,7,2,,,10,,3,3,4,Medium,3,"50% M / 50% F",10,30,0,0,0,0,0,,0,0,0,0,0,
58,058,Weedle,1,Bug,Poison,1,4,4,3,2,2,5,3,,,,1,2,1,2,Small,1,"50% M / 50% F",45,5,0,0,0,0,0,,0,0,0,0,0,
59,059,Kakuna,1,Bug,Poison,2,5,3,5,3,3,4,1,,,,,4,2,2,Small,1,"50% M / 50% F",30,10,0,0,0,0,0,,0,0,0,0,0,
60,060,Beedrill,1,Bug,Poison,3,7,9,4,5,8,8,2,,,10,,3,3,4,Medium,3,"50% M / 50% F",10,30,6,0,0,0,7,,0,0,0,0,0,
61,061,Sewaddle,5,Bug,Grass,1,5,5,7,4,6,4,4,2,,,,2,1,2,Small,1,"50% M / 50% F",45,5,0,0,0,0,0,,0,0,0,0,0,
62,062,Swadloon,5,Bug,Grass,2,6,6,9,5,8,4,6,3,,,,2,2,3,Small,1,"50% M / 50% F",30,10,0,0,0,0,0,,0,0,0,0,0,
63,063,Leavanny,5,Bug,Grass,3,8,10,8,7,8,9,8,4,,,,3,3,4,Medium,2,"50% M / 50% F",10,30,0,0,0,0,0,,0,0,0,0,0,
64,064,Venipede,5,Bug,Poison,1,3,5,6,3,4,6,5,1,,,,3,2,2,Small,1,"50% M / 50% F",45,5,0,0,0,0,0,,0,0,0,0,0,
65,065,Whirlipede,5,Bug,Poison,2,4,6,10,4,8,5,8,2,,,,3,3,3,Medium,4,"50% M / 50% F",30,10,0,0,0,0,0,,0,0,0,0,0,
66,066,Scolipede,5,Bug,Poison,3,6,10,9,6,7,11,10,4,,,,3,4,4,Large,6,"50% M / 50% F",10,30,0,0,0,0,0,,0,0,0,0,0,
67,067,Scatterbug,6,Bug,,1,4,4,4,3,3,4,4,2,,,,2,1,2,Small,1,"50% M / 50% F",45,5,0,0,0,0,0,,0,0,0,0,0,
68,068,Spewpa,6,Bug,,2,5,2,6,3,3,3,4,2,,,,1,1,3,Small,1,"50% M / 50% F",30,10,0,0,0,0,0,,0,0,0,0,0,
69,069,Vivillon,6,Bug,Flying,3,8,5,5,9,5,9,2,,,9,,3,2,4,Medium,2,"50% M / 50% F",10,30,0,0,0,0,0,,0,0,0,0,0,
70,070,Wurmple,3,Bug,,1,5,5,4,2,3,2,3,,,,1,2,1,2,Small,1,"50% M / 50% F",45,5,0,0,0,0,0,,0,0,0,0,0,
71,071,Silcoon,3,Bug,,2,5,4,6,3,3,2,1,,,,,4,2,2,Small,1,"50% M / 50% F",15,10,0,0,0,0,0,,0,0,0,0,0,
72,072,Beautifly,3,Bug,Flying,3,6,7,5,10,5,7,2,,,9,,3,3,4,Medium,3,"50% M / 50% F",10,30,0,0,0,0,0,,0,0,0,0,0,
73,073,Cascoon,3,Bug,,2,5,4,6,3,3,2,1,,,,,4,2,2,Small,1,"50% M / 50% F",15,10,0,0,0,0,0,,0,0,0,0,0,
74,074,Dustox,3,Bug,Poison,3,6,5,7,5,9,7,2,,,9,,3,3,4,Medium,3,"50% M / 50% F",10,30,0,0,0,0,0,,0,0,0,0,0,
75,075,Pidgey,1,Normal,Flying,1,4,5,4,4,4,6,4,1,,6,,3,1,3,Small,1,"50% M / 50% F",25,15,0,0,0,0,0,,0,0,0,0,0,
76,076,Pidgeotto,1,Normal,Flying,2,6,6,6,5,5,7,6,1,,10,,3,2,3,Medium,3,"50% M / 50% F",20,30,0,0,0,0,0,,0,0,0,0,0,
77,077,Pidgeot,1,Normal,Flying,3,8,8,8,7,7,10,6,1,,14,,3,4,4,Large,3,"50% M / 50% F",5,50,0,0,7,1,2,,0,0,0,0,0,
78,078,Starly,4,Normal,Flying,1,4,6,3,3,3,6,3,1,,6,,3,1,3,Small,1,"50% M / 50% F",25,15,0,0,0,0,0,,0,0,0,0,0,
79,079,Staravia,4,Normal,Flying,2,6,8,5,4,4,8,5,1,,10,,3,2,4,Small,2,"50% M / 50% F",20,30,0,0,0,0,0,,0,0,0,0,0,
80,080,Staraptor,4,Normal,Flying,3,9,12,7,5,6,10,7,1,,14,,3,3,4,Medium,2,"50% M / 50% F",5,50,0,0,0,0,0,,0,0,0,0,0,
81,081,Pidove,5,Normal,Flying,1,5,6,5,4,3,4,4,1,,6,,3,2,3,Small,1,"50% M / 50% F",25,15,0,0,0,0,0,,0,0,0,0,0,
82,082,Tranquill,5,Normal,Flying,2,6,8,6,5,4,7,5,1,,7,,4,3,4,Small,2,"50% M / 50% F",20,30,0,0,0,0,0,,0,0,0,0,0,
83,083,Unfezant,5,Normal,Flying,3,8,12,8,7,6,9,6,1,,10,,4,4,4,Medium,3,"50% M / 50% F",5,50,0,0,0,0,0,,0,0,0,0,0,
84,084,Fletchling,6,Normal,Flying,1,5,5,4,4,4,6,2,1,,6,,2,2,3,Small,1,"50% M / 50% F",25,15,0,0,0,0,0,,0,0,0,0,0,
85,085,Fletchinder,6,Fire,Flying,2,6,7,6,6,5,8,2,1,,8,,2,2,3,Small,2,"50% M / 50% F",20,25,0,0,0,0,0,,0,0,0,0,0,
86,086,Talonflame,6,Fire,Flying,3,8,8,7,7,7,13,2,1,,12,,2,3,4,Medium,2,"50% M / 50% F",5,50,0,0,0,0,0,,0,0,0,0,0,
87,087,"Nidoran (F)",1,Poison,,1,6,5,5,4,4,4,6,4,,,4,2,1,3,Small,1,"0% M / 100% F",25,15,0,0,0,0,0,,0,0,0,0,0,
88,088,Nidorina,1,Poison,,2,7,6,7,6,6,6,6,4,,,6,3,2,3,Small,2,"0% M / 100% F",15,30,0,0,0,0,0,,0,0,0,0,0,
89,089,Nidoqueen,1,Poison,Ground,3,9,9,9,8,9,8,7,2,,,,2,4,4,Medium,4,"0% M / 100% F",5,50,0,0,0,0,0,,0,0,0,0,0,
90,090,"Nidoran (M)",1,Poison,,1,5,6,4,4,4,5,6,4,,,4,2,1,3,Small,1,"100% M / 0% F",25,15,0,0,0,0,0,,0,0,0,0,0,
91,091,Nidorino,1,Poison,,2,6,7,6,6,6,7,6,4,,,6,3,2,3,Small,2,"100% M / 0% F",15,30,0,0,0,0,0,,0,0,0,0,0,
92,092,Nidoking,1,Poison,Ground,3,8,10,8,9,8,9,7,2,,,,2,4,4,Medium,4,"100% M / 0% F",5,50,0,0,0,0,0,,0,0,0,0,0,
93,093,Zubat,1,Poison,Flying,1,4,5,4,3,4,6,,,,8,,,1,3,Small,1,"50% M / 50% F",20,15,0,0,0,0,0,,0,0,0,0,0,
94,094,Golbat,1,Poison,Flying,2,8,8,7,7,8,9,,,,10,,1,3,4,Medium,4,"50% M / 50% F",10,40,0,0,0,0,0,,0,0,0,0,0,
95,095,Crobat,2,Poison,Flying,3,9,9,8,7,8,13,,,,14,,1,4,4,Medium,4,"50% M / 50% F",5,50,0,0,0,0,0,,0,0,0,0,0,
96,096,Igglybuff,2,Normal,Fairy,1,9,3,2,4,2,2,3,3,,,,3,1,3,Small,1,"25% M / 75% F",50,5,0,0,0,0,0,,0,0,0,0,0,
97,097,Jigglypuff,1,Normal,Fairy,2,12,5,2,5,3,2,5,4,,,,3,1,3,Small,1,"25% M / 75% F",20,15,0,0,0,0,0,,0,0,0,0,0,
98,098,Wigglytuff,1,Normal,Fairy,3,14,7,5,9,5,5,7,5,,,,3,2,4,Medium,2,"25% M / 75% F",5,40,0,0,0,0,0,,0,0,0,0,0,
99,099,Happiny,4,Normal,,1,10,1,1,2,7,3,4,1,,,,2,1,3,Small,2,"0% M / 100% F",45,15,0,0,0,0,0,,0,0,0,0,0,
100,100,Chansey,1,Normal,,2,25,1,1,4,11,5,6,2,,,,2,2,4,Medium,3,"0% M / 100% F",5,30,0,0,0,0,0,,0,0,0,0,0,
101,101,Blissey,2,Normal,,3,26,1,1,8,14,6,8,3,,,,3,3,4,Medium,3,"0% M / 100% F",5,50,0,0,0,0,0,,0,0,0,0,0,
102,102,Whismur,3,Normal,,1,6,5,2,5,2,3,4,4,,,,2,1,3,Small,2,"50% M / 50% F",45,15,0,0,0,0,0,,0,0,0,0,0,
103,103,Loudred,3,Normal,,2,8,7,4,7,4,5,6,5,,,,3,3,4,Medium,3,"50% M / 50% F",20,35,0,0,0,0,0,,0,0,0,0,0,
104,104,Exploud,3,Normal,,3,10,9,6,9,7,7,7,6,,,,3,5,4,Medium,4,"50% M / 50% F",5,50,0,0,0,0,0,,0,0,0,0,0,
105,105,Lillipup,5,Normal,,1,5,6,5,3,5,6,6,4,,,,3,2,4,Small,1,"50% M / 50% F",20,15,0,0,0,0,0,,0,0,0,0,0,
106,106,Herdier,5,Normal,,2,7,8,7,4,7,6,7,5,,,,3,3,4,Medium,2,"50% M / 50% F",10,30,0,0,0,0,0,,0,0,0,0,0,
107,107,Stoutland,5,Normal,,3,9,11,9,5,9,8,8,6,,,,3,4,4,Medium,4,"50% M / 50% F",5,50,0,0,0,0,0,,0,0,0,0,0,
108,108,Porygon,1,Normal,,1,7,6,7,9,8,4,6,4,,3,,2,1,4,Small,3,"No Gender",10,15,0,0,0,0,0,,0,0,0,0,0,
109,109,Porygon2,2,Normal,,2,9,8,9,11,10,6,8,8,,6,,3,1,5,Small,3,"No Gender",5,30,0,0,0,0,0,,0,0,0,0,0,
110,110,"Porygon Z",4,Normal,,3,9,8,7,14,8,9,9,9,,7,,3,1,6,Small,3,"No Gender",5,50,0,0,0,0,0,,0,0,0,0,0,
111,111,Slakoth,3,Normal,,1,6,6,6,4,4,3,1,1,,,,2,2,1,Small,3,"50% M / 50% F",50,15,0,0,0,0,0,,0,0,0,0,0,
112,112,Vigoroth,3,Normal,,2,8,8,8,6,6,9,9,6,,,,4,3,3,Medium,3,"50% M / 50% F",20,40,0,0,0,0,0,,0,0,0,0,0,
113,113,Slaking,3,Normal,,3,15,16,10,10,7,10,4,4,,,,4,9,4,Large,5,"50% M / 50% F",5,50,0,0,0,0,0,,0,0,0,0,0,
114,114,Oddish,1,Grass,Poison,1,5,5,6,8,7,3,4,2,,,2,1,1,2,Small,1,"50% M / 50% F",25,15,0,0,0,0,0,,0,0,0,0,0,
115,115,Gloom,1,Grass,Poison,2,6,7,7,9,8,4,6,2,,,,2,2,3,Small,1,"50% M / 50% F",15,30,0,0,0,0,0,,0,0,0,0,0,
116,116,Vileplume,1,Grass,Poison,3,8,8,9,11,9,5,7,2,,,,3,3,4,Medium,2,"50% M / 50% F",5,50,0,0,0,0,0,,0,0,0,0,0,
117,117,Bellossom,2,Grass,,3,8,8,10,9,10,5,8,3,,,,3,2,4,Small,1,"50% M / 50% F",5,50,0,0,0,0,0,,0,0,0,0,0,
118,118,Bellsprout,1,Grass,Poison,1,5,8,4,7,3,4,4,,,,1,1,1,2,Small,1,"50% M / 50% F",25,15,0,0,0,0,0,,0,0,0,0,0,
119,119,Weepinbell,1,Grass,Poison,2,7,9,5,9,5,6,6,2,,,,3,2,4,Medium,1,"50% M / 50% F",15,30,0,0,0,0,0,,0,0,0,0,0,
120,120,Victreebel,1,Grass,Poison,3,8,11,7,10,7,7,7,2,,,,3,3,4,Medium,2,"50% M / 50% F",5,50,0,0,0,0,0,,0,0,0,0,0,
121,121,Hoppip,2,Grass,Flying,1,4,4,4,4,6,5,4,2,,4,,5,1,3,Small,1,"50% M / 50% F",45,5,0,0,0,0,0,,0,0,0,0,0,
122,122,Skiploom,2,Grass,Flying,2,6,5,5,5,7,5,6,2,,8,,6,1,4,Small,1,"50% M / 50% F",20,15,0,0,0,0,0,,0,0,0,0,0,
123,123,Jumpluff,2,Grass,Flying,3,8,6,7,6,10,11,7,3,,12,,7,1,4,Small,1,"50% M / 50% F",5,35,0,0,0,0,0,,0,0,0,0,0,
124,124,Lotad,3,Water,Grass,1,4,3,3,4,5,3,4,8,,,,1,1,3,Small,1,"50% M / 50% F",25,15,0,0,0,0,0,,0,0,0,0,0,
125,125,Lombre,3,Water,Grass,2,6,5,5,6,7,5,5,9,6,,,3,2,3,Medium,3,"50% M / 50% F",20,30,0,0,0,0,0,,0,0,0,0,0,
126,126,Ludicolo,3,Water,Grass,3,8,7,7,9,10,7,6,10,6,,,4,4,4,Medium,4,"50% M / 50% F",5,50,0,0,0,0,0,,0,0,0,0,0,
127,127,Seedot,3,Grass,,1,4,4,5,3,3,3,4,2,,,,4,1,3,Small,1,"50% M / 50% F",25,15,0,0,0,0,0,,0,0,0,0,0,
128,128,Nuzleaf,3,Grass,Dark,2,7,7,4,6,4,6,6,4,,,,4,3,4,Medium,3,"50% M / 50% F",20,30,0,0,0,0,0,,0,0,0,0,0,
129,129,Shiftry,3,Grass,Dark,3,9,10,6,9,6,8,8,6,,,,4,4,4,Medium,4,"50% M / 50% F",5,50,0,0,0,0,0,,0,0,0,0,0,
130,130,Budew,4,Grass,Poison,1,4,3,4,5,7,6,4,2,,,,2,1,3,Small,1,"50% M / 50% F",25,15,0,0,0,0,0,,0,0,0,0,0,
131,131,Roselia,3,Grass,Poison,2,5,6,5,10,8,7,5,2,,,,3,2,4,Small,1,"50% M / 50% F",25,25,0,0,0,0,0,,0,0,0,0,0,
132,132,Roserade,4,Grass,Poison,3,6,7,7,13,11,9,7,4,,,,3,2,4,Small,2,"50% M / 50% F",5,50,0,0,0,0,0,,0,0,0,0,0,
133,133,Pichu,2,Electric,,1,2,4,2,4,4,6,6,2,,,,2,1,3,Small,1,"50% M / 50% F",50,5,0,0,0,0,0,,0,0,0,0,0,
134,134,Pikachu,1,Electric,,2,4,6,4,5,5,9,8,2,,,,3,1,4,Small,1,"50% M / 50% F",15,15,0,0,0,0,0,,0,0,0,0,0,
135,135,Raichu,1,Electric,,3,6,9,6,9,8,11,9,4,,,,3,2,4,Small,3,"50% M / 50% F",5,40,0,0,0,0,0,,0,0,0,0,0,
136,136,Magnemite,1,Electric,Steel,1,3,4,7,10,6,5,,,,6,,,1,3,Small,1,"No Gender",35,10,0,0,0,0,0,,0,0,0,0,0,
137,137,Magneton,1,Electric,Steel,2,5,6,10,12,7,7,,,,8,,,3,3,Medium,4,"No Gender",15,30,0,0,0,0,0,,0,0,0,0,0,
138,138,Magnezone,4,Electric,Steel,3,7,7,12,13,9,6,,,,10,,,4,4,Medium,5,"No Gender",5,50,0,0,0,0,0,,0,0,0,0,0,
139,139,Mareep,2,Electric,,1,6,4,4,7,5,4,7,2,,,,2,1,3,Small,1,"50% M / 50% F",40,15,0,0,0,0,0,,0,0,0,0,0,
140,140,Flaaffy,2,Electric,,2,7,6,6,8,6,5,7,2,,,,2,2,3,Small,2,"50% M / 50% F",20,30,0,0,0,0,0,,0,0,0,0,0,
141,141,Ampharos,2,Electric,,3,9,8,9,12,9,6,8,3,,,,3,3,4,Medium,4,"50% M / 50% F",5,50,2,2,5,2,0,Dragon,0,0,0,0,0,
142,142,Shinx,4,Electric,,1,5,7,3,4,3,5,6,4,,,,2,1,3,Small,1,"50% M / 50% F",45,10,0,0,0,0,0,,0,0,0,0,0,
143,143,Luxio,4,Electric,,2,6,9,5,6,5,6,7,5,,,,3,2,4,Medium,3,"50% M / 50% F",25,25,0,0,0,0,0,,0,0,0,0,0,
144,144,Luxray,4,Electric,,3,8,12,8,10,8,7,10,5,,,,4,3,4,Medium,3,"50% M / 50% F",5,50,0,0,0,0,0,,0,0,0,0,0,
145,145,Tynamo,5,Electric,,1,4,6,4,5,4,6,3,6,6,4,,2,1,4,Small,1,"50% M / 50% F",20,15,0,0,0,0,0,,0,0,0,0,0,
146,146,Eelektrik,5,Electric,,2,7,9,7,8,7,4,5,7,7,6,,2,2,4,Medium,2,"50% M / 50% F",10,30,0,0,0,0,0,,0,0,0,0,0,
147,147,Eelektross,5,Electric,,3,9,12,8,11,8,5,7,8,8,8,,3,4,4,Large,4,"50% M / 50% F",5,50,0,0,0,0,0,,0,0,0,0,0,
148,148,Elekid,2,Electric,,1,5,8,4,7,6,8,4,2,,,,1,1,2,Small,2,"75% M / 25% F",30,10,0,0,0,0,0,,0,0,0,0,0,
149,149,Electabuzz,1,Electric,,2,7,8,6,10,9,11,6,4,,,,3,4,4,Medium,3,"75% M / 25% F",5,35,0,0,0,0,0,,0,0,0,0,0,
150,150,Electivire,4,Electric,,3,8,12,7,10,9,10,8,5,,,,2,5,4,Large,5,"75% M / 25% F",5,50,0,0,0,0,0,,0,0,0,0,0,
151,151,Magby,2,Fire,,1,5,8,4,7,6,8,4,2,,,,1,1,2,Small,2,"75% M / 25% F",30,10,0,0,0,0,0,,0,0,0,0,0,
152,152,Magmar,1,Fire,,2,7,10,6,10,9,10,6,,,,,3,4,4,Medium,3,"75% M / 25% F",5,35,0,0,0,0,0,,0,0,0,0,0,
153,153,Magmortar,4,Fire,,3,8,10,7,13,10,8,9,,,,,3,5,4,Large,4,"75% M / 25% F",5,50,0,0,0,0,0,,0,0,0,0,0,
154,154,Poliwag,1,Water,,1,4,5,4,4,4,9,2,8,5,,,2,1,3,Small,2,"50% M / 50% F",25,15,0,0,0,0,0,,0,0,0,0,0,
155,155,Poliwhirl,1,Water,,2,7,7,7,5,5,9,6,8,6,,,4,3,4,Medium,2,"50% M / 50% F",15,30,0,0,0,0,0,,0,0,0,0,0,
156,156,Poliwrath,1,Water,Fighting,3,9,10,10,7,9,7,6,10,8,,,5,5,4,Medium,4,"50% M / 50% F",5,50,0,0,0,0,0,,0,0,0,0,0,
157,157,Politoed,2,Water,,3,9,8,8,9,10,7,10,12,6,,,6,3,4,Medium,3,"50% M / 50% F",5,50,0,0,0,0,0,,0,0,0,0,0,
158,158,Azurill,3,Normal,Fairy,1,5,2,4,2,4,2,3,8,6,,,1,1,2,Small,1,"25% M / 75% F",60,5,0,0,0,0,0,,0,0,0,0,0,
159,159,Marill,2,Water,Fairy,2,7,2,5,2,5,4,4,9,7,,,2,1,3,Small,1,"50% M / 50% F",40,15,0,0,0,0,0,,0,0,0,0,0,
160,160,Azumarill,2,Water,Fairy,3,10,5,8,6,8,5,5,10,8,,,4,4,4,Small,3,"50% M / 50% F",25,30,0,0,0,0,0,,0,0,0,0,0,
161,161,Tympole,5,Water,,1,5,5,4,5,4,6,4,7,6,,,3,1,4,Small,1,"50% M / 50% F",20,15,0,0,0,0,0,,0,0,0,0,0,
162,162,Palpitoad,5,Water,Ground,2,8,7,6,7,6,7,6,8,6,,,4,3,4,Small,2,"50% M / 50% F",10,30,0,0,0,0,0,,0,0,0,0,0,
163,163,Seismitoad,5,Water,Ground,3,11,10,8,9,8,7,8,10,6,,,6,4,4,Medium,4,"50% M / 50% F",5,50,0,0,0,0,0,,0,0,0,0,0,
164,164,Horsea,1,Water,,1,3,4,7,7,3,6,2,8,8,,,1,1,3,Small,1,"50% M / 50% F",30,15,0,0,0,0,0,,0,0,0,0,0,
165,165,Seadra,1,Water,,2,6,7,10,10,5,9,2,10,10,,,1,3,4,Medium,2,"50% M / 50% F",10,30,0,0,0,0,0,,0,0,0,0,0,
166,166,Kingdra,2,Water,Dragon,3,8,10,10,10,10,9,5,12,14,7,,1,5,5,Medium,5,"50% M / 50% F",5,55,0,0,0,0,0,,0,0,0,0,0,
167,167,Spheal,3,Ice,Water,1,7,4,5,6,5,3,6,7,5,,,3,1,3,Small,3,"50% M / 50% F",40,15,0,0,0,0,0,,0,0,0,0,0,
168,168,Sealeo,3,Ice,Water,2,9,6,7,8,7,5,6,9,7,,,3,3,4,Medium,4,"50% M / 50% F",20,35,0,0,0,0,0,,0,0,0,0,0,
169,169,Walrein,3,Ice,Water,3,11,8,9,10,9,7,6,13,10,,,2,4,4,Large,5,"50% M / 50% F",5,50,0,0,0,0,0,,0,0,0,0,0,
170,170,Vanillite,5,Ice,,1,4,5,5,7,6,5,1,,,6,,2,1,4,Small,1,"50% M / 50% F",20,15,0,0,0,0,0,,0,0,0,0,0,
171,171,Vanillish,5,Ice,,2,5,7,7,8,8,6,1,,,7,,2,2,4,Medium,3,"50% M / 50% F",10,30,0,0,0,0,0,,0,0,0,0,0,
172,172,Vanilluxe,5,Ice,,3,7,10,9,11,10,8,1,,,8,,2,3,4,Medium,4,"50% M / 50% F",5,50,0,0,0,0,0,,0,0,0,0,0,
173,173,Ralts,3,Psychic,Fairy,1,3,3,3,5,4,4,5,4,,,,2,1,4,Small,1,"50% M / 50% F",40,15,0,0,0,0,0,,0,0,0,0,0,
174,174,Kirlia,3,Psychic,Fairy,2,4,4,4,7,6,5,7,4,,,,2,1,5,Small,2,"50% M / 50% F",20,35,0,0,0,0,0,,0,0,0,0,0,
175,175,Gardevoir,3,Psychic,Fairy,3,7,7,7,13,12,8,8,4,,,,2,2,7,Medium,3,"50% M / 50% F",5,50,2,0,4,2,2,,0,0,0,0,0,
176,176,Gallade,4,Psychic,Fighting,3,7,13,7,7,12,8,10,5,,,,4,4,6,Medium,4,"100% M / 0% F",5,50,4,3,0,0,3,,0,0,0,0,0,
177,177,Abra,1,Psychic,,1,3,2,2,11,6,9,3,,,,,,1,4,Small,2,"75% M / 25% F",15,15,0,0,0,0,0,,0,0,0,0,0,
178,178,Kadabra,1,Psychic,,2,4,4,3,12,7,11,5,3,,,,2,2,5,Medium,4,"75% M / 25% F",15,30,0,0,0,0,0,,0,0,0,0,0,
179,179,Alakazam,1,Psychic,,3,6,5,5,14,10,12,7,3,,,,2,2,7,Medium,3,"75% M / 25% F",5,50,0,3,4,0,3,,0,0,0,0,0,
180,180,Gothita,5,Psychic,,1,5,3,5,6,7,5,6,4,,,,1,1,4,Small,1,"25% M / 75% F",20,15,0,0,0,0,0,,0,0,0,0,0,
181,181,Gothorita,5,Psychic,,2,6,5,7,8,9,6,7,5,,,,1,1,4,Small,2,"25% M / 75% F",10,30,0,0,0,0,0,,0,0,0,0,0,
182,182,Gothitelle,5,Psychic,,3,7,6,10,10,11,7,8,6,,,,1,2,5,Medium,3,"25% M / 75% F",5,50,0,0,0,0,0,,0,0,0,0,0,
183,183,Solosis,5,Psychic,,1,5,3,4,11,5,2,3,1,,,,1,1,4,Small,1,"50% M / 50% F",20,15,0,0,0,0,0,,0,0,0,0,0,
184,184,Duosion,5,Psychic,,2,7,4,5,13,6,3,4,2,,,,2,1,5,Small,1,"50% M / 50% F",10,30,0,0,0,0,0,,0,0,0,0,0,
185,185,Reuniclus,5,Psychic,,3,11,7,8,13,9,3,5,3,,,,3,2,6,Medium,2,"50% M / 50% F",5,50,0,0,0,0,0,,0,0,0,0,0,
186,186,Machop,1,Fighting,,1,7,8,5,4,4,4,7,4,,,,3,3,3,Small,2,"75% M / 25% F",35,15,0,0,0,0,0,,0,0,0,0,0,
187,187,Machoke,1,Fighting,,2,8,10,7,5,6,5,8,5,,,,3,6,3,Medium,4,"75% M / 25% F",20,30,0,0,0,0,0,,0,0,0,0,0,
188,188,Machamp,1,Fighting,,3,9,13,8,7,9,6,10,7,,,,4,8,4,Medium,5,"75% M / 25% F",5,50,0,0,0,0,0,,0,0,0,0,0,
189,189,Timburr,5,Fighting,,1,8,8,6,3,4,4,6,4,,,,4,4,2,Small,2,"75% M / 25% F",35,15,0,0,0,0,0,,0,0,0,0,0,
190,190,Gurdurr,5,Fighting,,2,9,11,9,4,5,4,7,5,,,,4,5,3,Medium,3,"75% M / 25% F",20,30,0,0,0,0,0,,0,0,0,0,0,
191,191,Conkeldurr,5,Fighting,,3,11,14,10,6,7,5,9,7,,,,5,7,4,Medium,4,"75% M / 25% F",5,50,0,0,0,0,0,,0,0,0,0,0,
192,192,Geodude,1,Rock,Ground,1,4,8,10,3,3,2,6,,,1,6,2,3,2,Small,2,"50% M / 50% F",35,15,0,0,0,0,0,,0,0,0,0,0,
193,193,Graveler,1,Rock,Ground,2,6,10,12,5,5,4,7,,,,4,2,3,2,Medium,5,"50% M / 50% F",20,30,0,0,0,0,0,,0,0,0,0,0,
194,194,Golem,1,Rock,Ground,3,8,12,13,6,7,5,9,,,,5,2,4,3,Medium,6,"50% M / 50% F",5,50,0,0,0,0,0,,0,0,0,0,0,
195,195,Roggenrola,5,Rock,,1,6,8,9,3,3,2,4,,,,,1,3,4,Small,2,"50% M / 50% F",35,15,0,0,0,0,0,,0,0,0,0,0,
196,196,Boldore,5,Rock,,2,7,11,11,5,4,2,5,,,,,1,4,4,Medium,5,"50% M / 50% F",20,30,0,0,0,0,0,,0,0,0,0,0,
197,197,Gigalith,5,Rock,,3,9,14,13,6,8,3,6,,,,,2,4,4,Large,6,"50% M / 50% F",5,50,0,0,0,0,0,,0,0,0,0,0,
198,198,Rhyhorn,1,Ground,Rock,1,8,9,10,3,3,3,8,,,,,2,4,3,Medium,5,"50% M / 50% F",30,15,0,0,0,0,0,,0,0,0,0,0,
199,199,Rhydon,1,Ground,Rock,2,11,13,12,5,5,4,7,,,,,2,4,4,Medium,5,"50% M / 50% F",15,30,0,0,0,0,0,,0,0,0,0,0,
200,200,Rhyperior,4,Ground,Rock,3,12,14,13,6,6,4,7,,,,,1,5,4,Large,6,"50% M / 50% F",5,50,0,0,0,0,0,,0,0,0,0,0,
201,201,Swinub,2,Ice,Ground,1,5,5,4,3,3,5,4,2,,,,2,2,2,Small,1,"50% M / 50% F",35,10,0,0,0,0,0,,0,0,0,0,0,
202,202,Piloswine,2,Ice,Ground,2,10,10,8,6,6,5,6,4,,,,2,4,3,Medium,4,"50% M / 50% F",15,30,0,0,0,0,0,,0,0,0,0,0,
203,203,Mamoswine,4,Ice,Ground,3,11,13,8,7,6,8,8,5,,,,3,6,4,Large,6,"50% M / 50% F",5,50,0,0,0,0,0,,0,0,0,0,0,
204,204,Sandile,5,Ground,Dark,1,5,7,4,4,4,7,6,4,,,6,2,3,4,Small,2,"50% M / 50% F",20,15,0,0,0,0,0,,0,0,0,0,0,
205,205,Krokorok,5,Ground,Dark,2,6,8,5,5,5,7,7,5,,,7,3,3,4,Medium,3,"50% M / 50% F",10,30,0,0,0,0,0,,0,0,0,0,0,
206,206,Krookodile,5,Ground,Dark,3,10,12,8,7,7,9,8,6,,,8,3,4,4,Medium,4,"50% M / 50% F",5,50,0,0,0,0,0,,0,0,0,0,0,
207,207,Aron,3,Steel,Rock,1,5,7,10,4,4,3,5,,,,,3,2,3,Small,4,"50% M / 50% F",25,15,0,0,0,0,0,,0,0,0,0,0,
208,208,Lairon,3,Steel,Rock,2,6,9,14,5,5,4,6,,,,,3,4,4,Medium,5,"50% M / 50% F",25,25,0,0,0,0,0,,0,0,0,0,0,
209,209,Aggron,3,Steel,Rock,3,7,11,18,6,6,5,7,,,,,3,5,4,Large,6,"50% M / 50% F",5,50,3,5,0,2,0,NULL,0,0,0,0,0,
210,210,Klink,5,Steel,,1,4,6,7,5,6,3,1,,,5,,1,2,4,Small,2,"No Gender",20,15,0,0,0,0,0,,0,0,0,0,0,
211,211,Klang,5,Steel,,2,6,8,10,7,9,5,1,,,7,,1,3,4,Small,4,"No Gender",10,30,0,0,0,0,0,,0,0,0,0,0,
212,212,Klinklang,5,Steel,,3,6,10,12,7,9,9,1,,,9,,1,4,5,Medium,4,"No Gender",5,50,0,0,0,0,0,,0,0,0,0,0,
213,213,Gastly,1,Ghost,Poison,1,3,4,3,10,4,8,,,,8,,,1,3,Medium,1,"50% M / 50% F",25,15,0,0,0,0,0,,0,0,0,0,0,
214,214,Haunter,1,Ghost,Poison,2,5,5,5,12,6,10,,,,9,,,2,3,Medium,1,"50% M / 50% F",15,30,0,0,0,0,0,,0,0,0,0,0,
215,215,Gengar,1,Ghost,Poison,3,6,7,6,13,8,11,6,,,10,,3,3,4,Medium,3,"50% M / 50% F",5,50,0,2,4,2,2,,0,0,0,0,0,
216,216,Duskull,3,Ghost,,1,2,4,9,3,9,3,,6,,6,,3,1,3,Small,2,"50% M / 50% F",25,15,0,0,0,0,0,,0,0,0,0,0,
217,217,Dusclops,3,Ghost,,2,4,7,13,6,13,3,7,7,,5,,3,3,4,Medium,3,"50% M / 50% F",10,40,0,0,0,0,0,,0,0,0,0,0,
218,218,Dusknoir,4,Ghost,,3,5,10,14,7,14,5,8,8,,7,,3,5,4,Medium,5,"50% M / 50% F",5,50,0,0,0,0,0,,0,0,0,0,0,
219,219,Litwick,5,Ghost,Fire,1,5,3,6,7,6,2,1,,,6,,1,1,4,Small,1,"50% M / 50% F",25,15,0,0,0,0,0,,0,0,0,0,0,
220,220,Lampent,5,Ghost,Fire,2,6,4,6,10,6,6,1,,,7,,1,1,4,Small,2,"50% M / 50% F",10,30,0,0,0,0,0,,0,0,0,0,0,
221,221,Chandelure,5,Ghost,Fire,2,6,6,9,15,9,8,1,,,8,,2,1,4,Medium,2,"50% M / 50% F",5,50,0,0,0,0,0,,0,0,0,0,0,
222,222,Honedge,6,Steel,Ghost,1,5,8,10,4,4,3,1,,,5,,1,2,3,Small,1,"50% M / 50% F",25,15,0,0,0,0,0,,0,0,0,0,0,
223,223,Doublade,6,Steel,Ghost,2,6,11,15,5,5,4,1,,,7,,1,3,4,Medium,1,"50% M / 50% F",10,30,0,0,0,0,0,,0,0,0,0,0,
224,224,Aegislash,6,Steel,Ghost,2,6,5,15,5,15,6,3,,,8,,1,4,4,Medium,4,"50% M / 50% F",5,50,0,0,0,0,0,,0,0,0,0,0,
225,225,Trapinch,3,Ground,,1,5,10,5,5,5,1,6,,,,8,1,1,3,Small,2,"50% M / 50% F",35,10,0,0,0,0,0,,0,0,0,0,0,
226,226,Vibrava,3,Ground,Dragon,2,5,7,5,5,5,7,4,1,,8,6,3,1,4,Medium,2,"50% M / 50% F",25,35,0,0,0,0,0,,0,0,0,0,0,
227,227,Flygon,3,Ground,Dragon,3,8,10,8,8,8,10,8,4,,14,6,3,4,4,Large,4,"50% M / 50% F",5,50,0,0,0,0,0,,0,0,0,0,0,
228,228,Axew,5,Dragon,,1,5,9,6,3,4,6,6,4,,,,2,3,2,Small,2,"50% M / 50% F",15,15,0,0,0,0,0,,0,0,0,0,0,
229,229,Fraxure,5,Dragon,,2,7,12,7,4,5,7,7,5,,,,3,4,3,Medium,3,"50% M / 50% F",5,30,0,0,0,0,0,,0,0,0,0,0,
230,230,Haxorus,5,Dragon,,2,8,15,9,6,7,10,8,6,,,,4,5,4,Medium,5,"50% M / 50% F",5,55,0,0,0,0,0,,0,0,0,0,0,
231,231,Cleffa,2,Fairy,,1,5,3,3,5,6,2,2,1,,,,2,1,3,Small,1,"25% M / 75% F",50,5,0,0,0,0,0,,0,0,0,0,0,
232,232,Clefairy,1,Fairy,,2,7,5,5,6,7,4,6,3,,,,4,2,3,Small,1,"25% M / 75% F",20,15,0,0,0,0,0,,0,0,0,0,0,
233,233,Clefable,1,Fairy,,3,10,7,7,10,9,6,7,4,,,,5,3,4,Medium,3,"25% M / 75% F",5,40,0,0,0,0,0,,0,0,0,0,0,
234,234,Togepi,2,Fairy,,1,4,2,7,4,7,2,2,2,,,,1,1,2,Small,1,"87.5% M / 12.5% F",35,5,0,0,0,0,0,,0,0,0,0,0,
235,235,Togetic,2,Fairy,Flying,2,6,4,9,8,11,4,6,4,,8,,4,2,4,Small,1,"87.5% M / 12.5% F",10,25,0,0,0,0,0,,0,0,0,0,0,
236,236,Togekiss,4,Fairy,Flying,3,9,5,10,12,12,8,5,6,,14,,5,3,4,Medium,3,"87.5% M / 12.5% F",5,50,0,0,0,0,0,,0,0,0,0,0,
237,237,Flabebe,6,Fairy,,1,4,4,4,6,8,4,2,2,,5,,1,1,3,Small,1,"0% M / 100% F",25,10,0,0,0,0,0,,0,0,0,0,0,
238,238,Floette,6,Fairy,,2,5,5,5,8,10,5,2,2,,7,,1,1,4,Small,1,"0% M / 100% F",10,25,0,0,0,0,0,,0,0,0,0,0,
239,239,Florges,6,Fairy,,3,8,7,7,11,15,8,4,4,,8,,2,1,4,Medium,1,"0% M / 100% F",5,50,0,0,0,0,0,,0,0,0,0,0,
240,240,Rattata,1,Normal,,1,3,6,4,3,4,7,8,6,,,,2,1,3,Small,1,"50% M / 50% F",40,10,0,0,0,0,0,,0,0,0,0,0,
241,241,Raticate,1,Normal,,2,6,8,6,5,7,10,10,8,,,,3,3,4,Small,2,"50% M / 50% F",20,30,0,0,0,0,0,,0,0,0,0,0,
242,242,Sentret,2,Normal,,1,4,5,3,4,5,2,5,5,,,,3,1,3,Small,1,"50% M / 50% F",40,10,0,0,0,0,0,,0,0,0,0,0,
243,243,Furret,2,Normal,,2,9,8,6,5,6,9,9,7,,,,3,3,4,Medium,3,"50% M / 50% F",20,30,0,0,0,0,0,,0,0,0,0,0,
244,244,Zigzagoon,3,Normal,,1,4,3,4,3,4,6,6,5,,,,3,1,3,Small,2,"50% M / 50% F",40,10,0,0,0,0,0,,0,0,0,0,0,
245,245,Linoone,3,Normal,,2,8,7,6,5,6,10,10,7,,,,3,3,4,Small,3,"50% M / 50% F",20,30,0,0,0,0,0,,0,0,0,0,0,
246,246,Bidoof,4,Normal,,1,6,5,4,4,4,3,6,6,,,,2,1,2,Small,2,"50% M / 50% F",40,10,0,0,0,0,0,,0,0,0,0,0,
247,247,Bibarel,4,Normal,Water,2,8,9,6,6,6,7,8,9,,,,3,3,3,Medium,3,"50% M / 50% F",20,30,0,0,0,0,0,,0,0,0,0,0,
248,248,Patrat,5,Normal,,1,5,6,4,4,4,4,6,4,,,,3,2,3,Small,2,"50% M / 50% F",40,10,0,0,0,0,0,,0,0,0,0,0,
249,249,Watchog,5,Normal,,2,6,9,7,6,7,8,8,6,,,,4,3,4,Medium,3,"50% M / 50% F",20,30,0,0,0,0,0,,0,0,0,0,0,
250,250,Bunnelby,6,Normal,,1,4,4,4,3,4,6,6,4,,,5,3,2,3,Small,1,"50% M / 50% F",40,10,0,0,0,0,0,,0,0,0,0,0,
251,251,Diggersby,6,Normal,Ground,2,9,6,8,5,8,8,8,6,,,8,4,3,4,Medium,3,"50% M / 50% F",20,30,0,0,0,0,0,,0,0,0,0,0,
252,252,Meowth,1,Normal,,1,4,5,4,4,4,9,6,4,,,,4,1,4,Small,1,"50% M / 50% F",25,15,0,0,0,0,0,,0,0,0,0,0,
253,253,Persian,1,Normal,,2,7,7,6,7,7,12,8,5,,,,5,3,4,Medium,3,"50% M / 50% F",10,30,0,0,0,0,0,,0,0,0,0,0,
254,254,Skitty,3,Normal,,1,5,5,5,4,4,5,6,4,,,,2,1,4,Small,1,"25% M / 75% F",25,15,0,0,0,0,0,,0,0,0,0,0,
255,255,Delcatty,3,Normal,,2,7,7,7,6,6,7,8,6,,,,3,2,4,Medium,3,"25% M / 75% F",10,30,0,0,0,0,0,,0,0,0,0,0,
256,256,Glameow,4,Normal,,1,5,6,4,4,4,9,6,4,,,,3,1,4,Small,1,"25% M / 75% F",25,15,0,0,0,0,0,,0,0,0,0,0,
257,257,Purugly,4,Normal,,2,7,8,6,6,6,11,8,6,,,,3,2,4,Medium,3,"25% M / 75% F",10,30,0,0,0,0,0,,0,0,0,0,0,
258,258,Minccino,5,Normal,,1,6,5,4,4,4,8,6,4,,,5,2,1,4,Small,1,"25% M / 75% F",25,15,0,0,0,0,0,,0,0,0,0,0,
259,259,Cinccino,5,Normal,,2,8,10,6,7,6,12,8,6,,,7,3,2,4,Small,1,"25% M / 75% F",10,30,0,0,0,0,0,,0,0,0,0,0,
260,260,Buneary,4,Normal,,1,6,7,4,4,6,9,6,4,,,,5,1,2,Small,1,"50% M / 50% F",25,15,0,0,0,0,0,,0,0,0,0,0,
261,261,Lopunny,4,Normal,,2,7,8,8,5,10,11,8,6,,,,6,2,3,Medium,3,"50% M / 50% F",10,30,6,1,0,0,3,Fighting,0,0,0,0,0,
262,262,Aipom,2,Normal,,1,6,7,6,4,6,9,8,6,,,,5,2,4,Small,2,"50% M / 50% F",25,20,0,0,0,0,0,,0,0,0,0,0,
263,263,Ambipom,4,Normal,,2,8,10,7,6,7,12,9,7,,,,5,3,4,Medium,2,"50% M / 50% F",10,30,0,0,0,0,0,,0,0,0,0,0,
264,264,Deerling,5,Normal,Grass,1,6,6,5,4,5,8,6,4,,,,2,1,4,Small,2,"50% M / 50% F",30,10,0,0,0,0,0,,0,0,0,0,0,
265,265,Sawsbuck,5,Normal,Grass,2,8,10,7,6,7,10,8,6,,,,4,4,4,Large,4,"50% M / 50% F",10,30,0,0,0,0,0,,0,0,0,0,0,
266,266,Teddiursa,2,Normal,,1,6,8,5,5,5,4,6,4,,,,2,1,3,Small,1,"50% M / 50% F",30,15,0,0,0,0,0,,0,0,0,0,0,
267,267,Ursaring,2,Normal,,2,9,13,8,8,8,6,8,6,,,,2,4,4,Medium,5,"50% M / 50% F",10,40,0,0,0,0,0,,0,0,0,0,0,
268,268,Lickitung,1,Normal,,1,9,6,8,6,8,3,6,6,,,,3,3,3,Medium,4,"50% M / 50% F",30,25,0,0,0,0,0,,0,0,0,0,0,
269,269,Lickilicky,4,Normal,,2,11,9,10,8,10,5,7,7,,,,3,4,4,Medium,5,"50% M / 50% F",10,40,0,0,0,0,0,,0,0,0,0,0,
270,270,Munchlax,4,Normal,,1,14,9,4,4,9,1,4,3,,,,3,3,3,Medium,4,"87.5% M / 12.5% F",25,15,0,0,0,0,0,,0,0,0,0,0,
271,271,Snorlax,1,Normal,,2,16,11,7,7,11,3,6,2,,,,1,7,4,Large,6,"87.5% M / 12.5% F",5,50,0,0,0,0,0,,0,0,0,0,0,
272,272,Burmy,4,Bug,,1,4,3,5,3,5,4,3,1,,,,3,1,2,Small,1,"50% M / 50% F",25,10,0,0,0,0,0,,0,0,0,0,0,
273,273,"Wormadam (plant)",4,Bug,Grass,2,6,6,9,8,11,4,6,2,,,,3,1,4,Small,1,"0% M / 100% F",10,30,0,0,0,0,0,,0,0,0,0,0,
274,273,"Wormadam (sandy)",4,Bug,Ground,2,7,8,11,6,9,3,6,2,,,,3,1,4,Small,1,"0% M / 100% F",10,30,0,0,0,0,0,,0,0,0,0,0,
275,273,"Wormadam (trash)",4,Bug,Steel,2,6,7,10,7,10,4,6,2,,,,3,1,4,Small,1,"0% M / 100% F",10,30,0,0,0,0,0,,0,0,0,0,0,
276,274,Mothim,4,Bug,Flying,2,7,9,5,9,5,7,2,,,8,,2,2,4,Medium,2,"100% M / 0% F",10,30,0,0,0,0,0,,0,0,0,0,0,
277,275,Nincada,3,Bug,Ground,1,3,5,9,3,3,4,4,,,,6,3,1,3,Small,1,"50% M / 50% F",35,10,0,0,0,0,0,,0,0,0,0,0,
278,276,Ninjask,3,Bug,Flying,2,6,9,5,5,5,16,2,,,16,,2,2,4,Small,2,"50% M / 50% F",5,30,0,0,0,0,0,,0,0,0,0,0,
279,277,Shedinja,3,Bug,Ghost,2,0,9,5,3,3,4,2,,,10,,2,1,4,Small,1,"No Gender",5,40,0,0,0,0,0,,0,0,0,0,0,
280,278,Paras,1,Bug,Grass,2,4,7,6,5,6,3,5,2,,,4,1,1,3,Small,1,"50% M / 50% F",20,10,0,0,0,0,0,,0,0,0,0,0,
281,279,Parasect,1,Bug,Grass,2,6,10,8,6,8,3,8,3,,,5,2,3,4,Medium,3,"50% M / 50% F",10,30,0,0,0,0,0,,0,0,0,0,0,
282,280,Venonat,1,Bug,Poison,1,6,6,5,4,6,5,6,2,,,,3,1,4,Medium,3,"50% M / 50% F",20,15,0,0,0,0,0,,0,0,0,0,0,
283,281,Venomoth,1,Bug,Poison,2,7,7,6,9,8,9,4,,,8,,2,2,4,Medium,2,"50% M / 50% F",5,40,0,0,0,0,0,,0,0,0,0,0,
284,282,Ledyba,2,Bug,Flying,1,4,2,3,4,8,6,4,,,6,,2,1,2,Small,1,"50% M / 50% F",40,10,0,0,0,0,0,,0,0,0,0,0,
285,283,Ledian,2,Bug,Flying,2,6,4,5,6,11,9,6,,,12,,2,2,4,Medium,3,"50% M / 50% F",20,30,0,0,0,0,0,,0,0,0,0,0,
286,284,Spinarak,2,Bug,Poison,1,4,6,4,4,4,3,4,2,,,,4,1,2,Small,1,"50% M / 50% F",40,10,0,0,0,0,0,,0,0,0,0,0,
287,285,Ariados,2,Bug,Poison,2,7,9,7,6,6,4,8,3,,,,6,2,4,Medium,3,"50% M / 50% F",20,30,0,0,0,0,0,,0,0,0,0,0,
288,286,Yanma,2,Bug,Flying,1,7,7,5,8,5,10,4,,,8,,2,2,4,Medium,3,"50% M / 50% F",25,20,0,0,0,0,0,,0,0,0,0,0,
289,287,Yanmega,4,Bug,Flying,2,9,8,9,12,6,10,5,,,10,,2,3,4,Medium,4,"50% M / 50% F",10,40,0,0,0,0,0,,0,0,0,0,0,
290,288,Pineco,2,Bug,,1,5,7,9,4,4,2,3,,,,,4,1,3,Small,1,"50% M / 50% F",25,10,0,0,0,0,0,,0,0,0,0,0,
291,289,Forretress,2,Bug,Steel,2,8,9,14,6,6,4,6,,,,,4,3,4,Medium,5,"50% M / 50% F",10,40,0,0,0,0,0,,0,0,0,0,0,
292,290,Surskit,3,Bug,Water,1,4,3,3,5,5,7,5,6,,,,2,1,3,Small,1,"50% M / 50% F",40,10,0,0,0,0,0,,0,0,0,0,0,
293,291,Masquerain,3,Bug,Flying,2,7,6,6,8,8,6,6,1,,8,,2,1,4,Medium,1,"50% M / 50% F",15,30,0,0,0,0,0,,0,0,0,0,0,
294,292,Kricketot,4,Bug,,1,4,3,4,3,4,3,6,2,,,,3,1,2,Small,1,"50% M / 50% F",40,10,0,0,0,0,0,,0,0,0,0,0,
295,293,Kricketune,4,Bug,,2,8,9,5,6,5,7,8,3,,5,,3,2,4,Medium,3,"50% M / 50% F",30,20,0,0,0,0,0,,0,0,0,0,0,
296,294,Combee,4,Bug,Flying,1,3,3,4,3,4,7,1,,,6,1,2,1,2,Small,1,"87.5% M / 12.5% F",25,10,0,0,0,0,0,,0,0,0,0,0,
297,295,Vespiquen,4,Bug,Flying,2,7,8,10,8,10,4,4,1,,10,,4,3,4,Medium,3,"0% M / 100% F",5,40,0,0,0,0,0,,0,0,0,0,0,
298,296,Dwebble,5,Bug,Rock,1,5,7,9,4,4,6,5,5,3,,,1,2,4,Small,2,"50% M / 50% F",30,10,0,0,0,0,0,,0,0,0,0,0,
299,297,Crustle,5,Bug,Rock,2,7,10,13,7,8,5,7,7,5,,,1,4,4,Medium,6,"50% M / 50% F",20,30,0,0,0,0,0,,0,0,0,0,0,
300,298,Karrablast,5,Bug,,1,5,8,5,4,5,6,6,3,,,,3,2,4,Small,1,"50% M / 50% F",40,10,0,0,0,0,0,,0,0,0,0,0,
301,299,Escavalier,5,Bug,Steel,2,7,14,11,6,11,2,8,,,8,,1,4,4,Medium,3,"50% M / 50% F",10,40,0,0,0,0,0,,0,0,0,0,0,
302,300,Shelmet,5,Bug,,1,5,4,9,4,7,3,2,3,3,,,1,1,3,Small,1,"50% M / 50% F",40,10,0,0,0,0,0,,0,0,0,0,0,
303,301,Accelgor,5,Bug,,2,8,7,4,10,6,15,15,10,10,,,4,3,4,Small,3,"50% M / 50% F",10,40,0,0,0,0,0,,0,0,0,0,0,
304,302,Joltik,5,Bug,Electric,1,5,5,5,6,5,7,6,2,,,,3,1,3,Small,1,"50% M / 50% F",40,10,0,0,0,0,0,,0,0,0,0,0,
305,303,Galvantula,5,Bug,Electric,2,7,8,6,10,6,11,8,4,,,,4,2,4,Medium,2,"50% M / 50% F",10,40,0,0,0,0,0,,0,0,0,0,0,
306,304,Scyther,1,Bug,Flying,1,7,11,8,6,8,11,8,2,,8,,5,3,4,Medium,4,"50% M / 50% F",10,30,0,0,0,0,0,,0,0,0,0,0,
307,305,Scizor,2,Bug,Steel,2,7,13,10,6,8,7,9,3,,8,,5,4,4,Medium,5,"50% M / 50% F",5,50,2,4,1,2,1,,0,0,0,0,0,
308,306,Larvesta,5,Bug,Fire,1,6,9,6,5,6,6,6,,,2,,2,1,4,Medium,3,"50% M / 50% F",15,15,0,0,0,0,0,,0,0,0,0,0,
309,307,Volcarona,5,Bug,Fire,2,9,6,7,14,11,10,7,,,8,,3,3,4,Large,3,"50% M / 50% F",5,50,0,0,0,0,0,,0,0,0,0,0,
310,308,Spearow,1,Normal,Flying,1,4,6,3,3,3,7,4,1,,6,,3,1,3,Small,1,"50% M / 50% F",40,10,0,0,0,0,0,,0,0,0,0,0,
311,309,Fearow,1,Normal,Flying,2,7,9,7,6,6,10,6,1,,10,,3,4,4,Medium,3,"50% M / 50% F",20,30,0,0,0,0,0,,0,0,0,0,0,
312,310,Doduo,1,Normal,Flying,1,4,9,5,4,4,8,10,1,,,,6,3,4,Medium,3,"50% M / 50% F",35,10,0,0,0,0,0,,0,0,0,0,0,
313,311,Dodrio,1,Normal,Flying,2,6,11,7,6,6,10,14,3,,2,,8,4,5,Medium,4,"50% M / 50% F",10,30,0,0,0,0,0,,0,0,0,0,0,
314,312,Hoothoot,2,Normal,Flying,1,6,3,3,4,6,5,4,1,,6,,3,1,3,Small,2,"50% M / 50% F",40,10,0,0,0,0,0,,0,0,0,0,0,
315,313,Noctowl,2,Normal,Flying,2,10,5,5,8,10,7,6,2,,10,,3,3,4,Medium,3,"50% M / 50% F",20,30,0,0,0,0,0,,0,0,0,0,0,
316,314,Taillow,3,Normal,Flying,1,4,6,3,3,3,9,4,1,,8,,3,1,3,Small,1,"50% M / 50% F",40,10,0,0,0,0,0,,0,0,0,0,0,
317,315,Swellow,3,Normal,Flying,2,6,9,6,5,5,13,6,1,,10,,3,4,4,Medium,2,"50% M / 50% F",20,30,0,0,0,0,0,,0,0,0,0,0,
318,316,Rufflet,5,Normal,Flying,1,7,8,5,4,5,6,3,1,,6,,3,2,3,Small,1,"100% M / 0% F",40,10,0,0,0,0,0,,0,0,0,0,0,
319,317,Braviary,5,Normal,Flying,2,10,12,8,6,8,8,4,1,,12,,3,4,3,Large,3,"100% M / 0% F",10,40,0,0,0,0,0,,0,0,0,0,0,
320,318,Swablu,3,Normal,Flying,1,5,4,6,4,8,5,2,1,,6,,2,1,3,Small,1,"50% M / 50% F",40,10,0,0,0,0,0,,0,0,0,0,0,
321,319,Altaria,3,Dragon,Flying,2,8,7,9,7,11,8,4,2,,10,,2,2,4,Medium,2,"50% M / 50% F",5,40,4,2,4,0,0,Fairy,0,0,0,0,0,
322,320,Ekans,1,Poison,,1,4,6,4,4,5,6,8,6,,,,1,1,3,Medium,1,"50% M / 50% F",25,15,0,0,0,0,0,,0,0,0,0,0,
323,321,Arbok,1,Poison,,2,6,9,7,7,8,8,9,7,,,,2,3,4,Medium,4,"50% M / 50% F",15,40,0,0,0,0,0,,0,0,0,0,0,
324,322,Stunky,4,Poison,Dark,1,6,6,5,4,4,7,6,4,,,,3,1,3,Small,2,"50% M / 50% F",30,10,0,0,0,0,0,,0,0,0,0,0,
325,323,Skuntank,4,Poison,Dark,2,10,9,7,7,6,8,8,6,,,,3,2,4,Medium,3,"50% M / 50% F",20,30,0,0,0,0,0,,0,0,0,0,0,
326,324,Grimer,1,Poison,,1,8,8,5,4,5,3,6,6,,,,1,2,3,Small,3,"50% M / 50% F",30,15,0,0,0,0,0,,0,0,0,0,0,
327,325,Muk,1,Poison,,2,11,11,8,7,10,5,7,7,,,,1,4,4,Medium,3,"50% M / 50% F",10,40,0,0,0,0,0,,0,0,0,0,0,
328,326,Koffing,1,Poison,,1,4,7,10,6,5,4,1,1,,6,,2,1,3,Small,1,"50% M / 50% F",30,15,0,0,0,0,0,,0,0,0,0,0,
329,327,Weezing,1,Poison,,2,7,9,12,9,7,6,2,2,,8,,4,2,4,Medium,1,"50% M / 50% F",10,40,0,0,0,0,0,,0,0,0,0,0,
330,328,Gulpin,3,Poison,,1,7,4,5,4,5,4,4,2,,,,1,2,3,Small,1,"50% M / 50% F",30,15,0,0,0,0,0,,0,0,0,0,0,
331,329,Swalot,3,Poison,,2,10,7,8,7,8,6,5,3,,,,1,4,4,Medium,4,"50% M / 50% F",10,40,0,0,0,0,0,,0,0,0,0,0,
332,330,Trubbish,5,Poison,,1,5,5,6,4,6,7,5,4,,,,1,2,4,Small,3,"50% M / 50% F",30,15,0,0,0,0,0,,0,0,0,0,0,
333,331,Garbodor,5,Poison,,2,8,10,8,6,8,8,7,5,,,,1,3,4,Large,5,"50% M / 50% F",10,40,0,0,0,0,0,,0,0,0,0,0,
334,332,Skorupi,4,Poison,Bug,1,4,5,9,3,6,7,6,2,,,,2,1,3,Small,2,"50% M / 50% F",30,15,0,0,0,0,0,,0,0,0,0,0,
335,333,Drapion,4,Poison,Dark,2,7,9,11,6,8,10,8,4,,,,2,3,4,Medium,4,"50% M / 50% F",5,40,0,0,0,0,0,,0,0,0,0,0,
336,334,Croagunk,4,Poison,Fighting,1,5,6,4,6,4,5,7,6,,,,4,2,4,Small,2,"50% M / 50% F",30,15,0,0,0,0,0,,0,0,0,0,0,
337,335,Toxicroak,4,Poison,Fighting,2,8,11,7,9,7,9,8,8,,,,5,3,4,Medium,3,"50% M / 50% F",5,40,0,0,0,0,0,,0,0,0,0,0,
338,336,Skrelp,6,Poison,Water,1,5,6,6,6,6,3,3,6,7,,,1,1,3,Small,1,"50% M / 50% F",20,15,0,0,0,0,0,,0,0,0,0,0,
339,337,Dragalge,6,Poison,Dragon,2,7,8,9,10,12,4,4,8,8,,,1,3,4,Medium,4,"50% M / 50% F",5,40,0,0,0,0,0,,0,0,0,0,0,
340,338,Sandshrew,1,Ground,,1,5,8,9,2,3,4,6,,,,8,2,1,3,Small,2,"50% M / 50% F",30,15,0,0,0,0,0,,0,0,0,0,0,
341,339,Sandslash,1,Ground,,2,8,10,11,5,6,7,8,,,,10,3,3,4,Medium,3,"50% M / 50% F",15,40,0,0,0,0,0,,0,0,0,0,0,
342,340,Diglett,1,Ground,,1,1,6,3,4,5,10,7,,,,8,,1,3,Small,1,"50% M / 50% F",30,10,0,0,0,0,0,,0,0,0,0,0,
343,341,Dugtrio,1,Ground,,2,4,8,5,5,7,12,9,,,,12,,3,4,Small,3,"50% M / 50% F",10,30,0,0,0,0,0,,0,0,0,0,0,
344,342,Cubone,1,Ground,,1,5,5,10,4,5,4,6,4,,,,3,2,4,Small,1,"50% M / 50% F",30,15,0,0,0,0,0,,0,0,0,0,0,
345,343,Marowak,1,Ground,,2,6,8,11,5,8,5,8,6,,,,4,4,4,Medium,3,"50% M / 50% F",15,40,0,0,0,0,0,,0,0,0,0,0,
346,344,Gligar,2,Ground,Flying,1,7,8,11,4,7,9,4,,,6,4,4,2,4,Medium,4,"50% M / 50% F",20,25,0,0,0,0,0,,0,0,0,0,0,
347,345,Gliscor,4,Ground,Flying,2,8,10,13,5,8,10,6,,,10,8,4,2,4,Medium,3,"50% M / 50% F",5,40,0,0,0,0,0,,0,0,0,0,0,
348,346,Phanpy,2,Ground,,1,9,6,6,4,4,4,6,4,,,,3,2,3,Small,3,"50% M / 50% F",35,10,0,0,0,0,0,,0,0,0,0,0,
349,347,Donphan,2,Ground,,2,9,12,12,6,6,5,8,5,,,,3,4,4,Medium,5,"50% M / 50% F",15,40,0,0,0,0,0,,0,0,0,0,0,
350,348,Baltoy,3,Ground,Psychic,1,4,4,6,4,7,6,1,,,4,,3,2,4,Small,2,"No Gender",20,15,0,0,0,0,0,,0,0,0,0,0,
351,351,Hippowdon,4,Ground,,2,10,11,12,7,7,5,6,6,4,,6,3,4,4,Large,6,"50% M / 50% F",10,40,0,0,0,0,0,,0,0,0,0,0,
352,352,Drilbur,5,Ground,,1,6,9,4,3,5,7,4,2,,,6,2,2,4,Small,1,"50% M / 50% F",25,10,0,0,0,0,0,,0,0,0,0,0,
353,353,Excadrill,5,Ground,Steel,2,11,14,6,5,7,9,6,4,,,10,3,3,4,Small,3,"50% M / 50% F",10,30,0,0,0,0,0,,0,0,0,0,0,
354,354,Golett,5,Ground,Ghost,1,6,7,6,4,5,4,6,,,6,,1,4,2,Medium,4,"No Gender",25,20,0,0,0,0,0,,0,0,0,0,0,
355,355,Golurk,5,Ground,Ghost,2,9,12,8,6,8,6,8,,,10,,1,6,4,Large,6,"No Gender",5,40,0,0,0,0,0,,0,0,0,0,0,
356,356,Bonsly,4,Rock,,1,5,8,10,1,5,1,4,,,,,2,1,3,Small,2,"50% M / 50% F",30,10,0,0,0,0,0,,0,0,0,0,0,
357,357,Sudowoodo,2,Rock,,2,7,10,12,3,7,3,6,,,,,2,4,4,Medium,3,"50% M / 50% F",15,30,0,0,0,0,0,,0,0,0,0,0,
358,358,Nosepass,3,Rock,,1,3,5,14,5,9,4,3,,,,,1,3,4,Medium,4,"50% M / 50% F",20,20,0,0,0,0,0,,0,0,0,0,0,
359,359,Probopass,4,Rock,Steel,2,6,6,15,8,15,4,6,,,,,1,5,4,Medium,6,"50% M / 50% F",5,40,0,0,0,0,0,,0,0,0,0,0,
360,360,Binacle,6,Rock,Water,1,4,5,7,4,6,5,5,,,,,1,1,3,Small,3,"50% M / 50% F",20,20,0,0,0,0,0,,0,0,0,0,0,
361,361,Barbaracle,6,Rock,Water,2,7,11,12,5,9,7,7,3,7,,,2,3,4,Medium,4,"50% M / 50% F",20,20,0,0,0,0,0,,0,0,0,0,0,
362,362,Onix,1,Rock,Ground,1,4,5,16,3,5,7,8,,,,9,3,5,4,Huge,6,"50% M / 50% F",20,25,0,0,0,0,0,,0,0,0,0,0,
363,363,Steelix,2,Steel,Ground,2,8,9,20,6,7,3,8,,,,12,3,5,4,Gigantic,6,"50% M / 50% F",10,50,4,3,0,3,0,,0,0,0,0,0,
364,364,Bronzor,4,Steel,Psychic,1,6,2,9,2,9,2,1,,,4,,2,3,4,Small,4,"No Gender",25,15,0,0,0,0,0,,0,0,0,0,0,
365,365,Bronzong,4,Steel,Psychic,2,7,9,12,8,12,3,1,,,8,,2,4,4,Medium,5,"No Gender",5,40,0,0,0,0,0,,0,0,0,0,0,
366,366,Sunkern,2,Grass,,1,3,3,3,3,3,3,4,2,,,,1,1,3,Small,1,"50% M / 50% F",25,10,0,0,0,0,0,,0,0,0,0,0,
367,367,Sunflora,2,Grass,,2,8,8,6,11,9,3,7,4,,,,2,1,4,Small,1,"50% M / 50% F",10,30,0,0,0,0,0,,0,0,0,0,0,
368,368,Tangela,1,Grass,,1,7,6,12,10,4,6,6,2,,,,2,2,4,Medium,3,"50% M / 50% F",20,30,0,0,0,0,0,,0,0,0,0,0,
369,369,Tangrowth,4,Grass,,2,10,10,13,11,5,5,8,4,,,,2,4,4,Large,5,"50% M / 50% F",10,40,0,0,0,0,0,,0,0,0,0,0,
370,370,Cherubi,4,Grass,,1,5,4,5,6,5,4,4,2,,,,4,1,3,Small,1,"50% M / 50% F",30,10,0,0,0,0,0,,0,0,0,0,0,
371,371,Cherrim,4,Grass,,2,7,6,7,9,8,9,6,4,,,,4,1,4,Small,1,"50% M / 50% F",10,40,0,0,0,0,0,,0,0,0,0,0,
372,372,Cottonee,5,Grass,Fairy,1,4,3,6,4,5,7,5,3,,6,,5,1,4,Small,1,"50% M / 50% F",25,10,0,0,0,0,0,,0,0,0,0,0,
373,373,Whimsicott,5,Grass,Fairy,2,6,7,9,8,8,12,8,4,,8,,6,2,5,Small,1,"50% M / 50% F",15,40,0,0,0,0,0,,0,0,0,0,0,
374,374,Petilil,5,Grass,,1,5,4,5,7,5,3,6,4,,,,2,1,4,Small,1,"0% M / 100% F",25,10,0,0,0,0,0,,0,0,0,0,0,
375,375,Lilligant,5,Grass,,2,7,6,8,11,8,9,8,6,,,,2,2,4,Medium,2,"0% M / 100% F",15,40,0,0,0,0,0,,0,0,0,0,0,
376,376,Foongus,5,Grass,Poison,1,7,6,5,6,6,2,6,2,,,,1,2,4,Small,1,"50% M / 50% F",30,10,0,0,0,0,0,,0,0,0,0,0,
377,377,Amoonguss,5,Grass,Poison,2,11,9,7,9,8,3,8,4,,,,1,3,4,Small,1,"50% M / 50% F",10,30,0,0,0,0,0,,0,0,0,0,0,
378,378,Shroomish,3,Grass,,1,6,4,6,4,6,4,4,2,,,,2,1,3,Small,1,"50% M / 50% F",30,0,0,0,0,0,0,,0,0,0,0,0,
379,379,Breloom,3,Grass,Fighting,2,6,13,8,6,6,7,8,4,,,,3,3,4,Medium,3,"50% M / 50% F",20,30,0,0,0,0,0,,0,0,0,0,0,
380,380,Ferroseed,5,Grass,Steel,1,4,5,9,2,9,1,4,,,,,1,2,3,Small,2,"50% M / 50% F",30,10,0,0,0,0,0,,0,0,0,0,0,
381,381,Ferrothorn,5,Grass,Steel,2,7,9,13,5,12,2,5,,,,,1,3,4,Medium,5,"50% M / 50% F",10,40,0,0,0,0,0,,0,0,0,0,0,
382,382,Cacnea,3,Grass,,1,5,9,4,9,4,4,4,2,,,,3,2,4,Small,4,"50% M / 50% F",30,10,0,0,0,0,0,,0,0,0,0,0,
383,383,Cacturne,3,Grass,Dark,2,7,12,6,12,6,6,8,4,,,,3,3,4,Medium,4,"50% M / 50% F",15,40,0,0,0,0,0,,0,0,0,0,0,
384,384,Exeggcute,1,Grass,Psychic,1,6,4,8,6,5,4,4,2,,,,2,1,4,Small,1,"50% M / 50% F",20,20,0,0,0,0,0,,0,0,0,0,0,
385,385,Exeggutor,1,Grass,Psychic,2,10,10,9,13,7,6,7,3,,,,3,4,5,Medium,5,"50% M / 50% F",10,40,0,0,0,0,0,,0,0,0,0,0,
386,386,Snover,4,Grass,Ice,1,6,6,5,6,6,4,6,2,,,,3,3,4,Medium,4,"50% M / 50% F",20,20,0,0,0,0,0,,0,0,0,0,0,
387,387,Abomasnow,4,Grass,Ice,2,9,9,8,9,9,6,8,4,,,,3,4,4,Large,5,"50% M / 50% F",10,40,4,3,4,2,0,,0,0,0,0,0,
388,388,Skiddo,6,Grass,,1,7,7,5,6,6,6,8,2,,,,3,4,3,Medium,3,"50% M / 50% F",20,20,0,0,0,0,0,,0,0,0,0,0,
389,389,Gogoat,6,Grass,,2,12,10,6,10,8,7,10,4,,,,4,5,4,Large,4,"50% M / 50% F",10,40,0,0,0,0,0,,0,0,0,0,0,
390,390,Vulpix,1,Fire,,1,4,4,4,5,7,7,6,4,,,,3,1,3,Small,1,"25% M / 75% F",25,10,0,0,0,0,0,,0,0,0,0,0,
391,391,Ninetales,1,Fire,,2,7,8,8,8,10,10,8,6,,,,4,3,4,Medium,2,"25% M / 75% F",10,40,0,0,0,0,0,,0,0,0,0,0,
392,392,Growlithe,1,Fire,,1,6,7,5,7,5,6,8,3,,,,2,2,4,Small,2,"75% M / 25% F",25,10,0,0,0,0,0,,0,0,0,0,0,
393,393,Arcanine,1,Fire,,2,9,11,8,10,8,10,16,6,,,,5,4,4,Large,5,"75% M / 25% F",10,40,0,0,0,0,0,,0,0,0,0,0,
394,394,Ponyta,1,Fire,,1,5,9,6,7,7,9,12,,,,,4,2,4,Medium,3,"50% M / 50% F",25,10,0,0,0,0,0,,0,0,0,0,0,
395,395,Rapidash,1,Fire,,2,7,10,7,8,8,11,18,,,,,5,4,4,Large,4,"50% M / 50% F",10,40,0,0,0,0,0,,0,0,0,0,0,
396,396,Slugma,2,Fire,,1,4,4,4,7,4,2,1,,,,,1,2,3,Small,3,"50% M / 50% F",25,10,0,0,0,0,0,,0,0,0,0,0,
397,397,Magcargo,2,Fire,Rock,2,5,5,12,8,8,3,3,,,,,1,3,4,Medium,4,"50% M / 50% F",10,40,0,0,0,0,0,,0,0,0,0,0,
398,398,Numel,3,Fire,Ground,1,6,6,4,7,5,4,6,2,,,,2,2,3,Small,2,"50% M / 50% F",25,10,0,0,0,0,0,,0,0,0,0,0,
399,399,Camerupt,3,Fire,Ground,2,7,10,7,11,8,4,8,,,,,2,4,4,Large,6,"50% M / 50% F",10,40,2,3,4,3,0,,0,0,0,0,0,
400,400,Darumaka,5,Fire,,1,7,9,5,2,5,5,4,4,,,,3,3,4,Small,3,"50% M / 50% F",25,10,0,0,0,0,0,,0,0,0,0,0,
401,401,"Darmanitan (normal)",5,Fire,,2,11,14,6,3,6,10,8,7,,,,4,4,4,Medium,4,"50% M / 50% F",5,40,0,0,0,0,0,,0,0,0,0,0,
402,401,"Darmanitan (zen Mode)",5,Fire,Psychic,2,11,3,11,14,11,6,8,7,,,,4,4,4,Medium,4,"50% M / 50% F",5,40,0,0,0,0,0,,0,0,0,0,0,
403,402,Litleo,6,Fire,Normal,1,6,5,6,7,5,7,6,2,,,,2,2,3,Small,2,"50% M / 50% F",25,10,0,0,0,0,0,,0,0,0,0,0,
404,403,Pyroar,6,Fire,Normal,2,9,7,7,11,7,11,8,4,,,,3,4,5,Large,4,"50% M / 50% F",10,40,0,0,0,0,0,,0,0,0,0,0,
405,404,Clamperl,3,Water,,1,4,6,9,7,6,3,1,6,6,,,2,2,3,Small,4,"50% M / 50% F",30,10,0,0,0,0,0,,0,0,0,0,0,
406,405,Huntail,3,Water,,2,6,10,11,9,8,5,2,10,10,,,2,3,4,Medium,3,"50% M / 50% F",10,40,0,0,0,0,0,,0,0,0,0,0,
407,406,Gorebyss,3,Water,,2,6,8,11,11,8,5,2,10,10,,,2,3,4,Medium,2,"50% M / 50% F",10,40,0,0,0,0,0,,0,0,0,0,0,
408,407,Slowpoke,1,Water,Psychic,1,9,7,7,4,4,2,1,2,2,,,1,2,4,Medium,3,"50% M / 50% F",25,15,0,0,0,0,0,,0,0,0,0,0,
409,408,Slowbro,1,Water,Psychic,2,10,8,11,10,8,3,4,6,6,,,1,4,5,Medium,4,"50% M / 50% F",10,40,0,7,3,0,0,,0,0,0,0,0,
410,409,Slowking,2,Water,Psychic,2,10,8,8,10,11,3,4,6,6,,,1,4,7,Medium,4,"50% M / 50% F",10,50,0,0,0,0,0,,0,0,0,0,0,
411,410,Goldeen,1,Water,,1,5,7,6,4,5,6,2,8,8,,,3,1,4,Small,2,"50% M / 50% F",30,10,0,0,0,0,0,,0,0,0,0,0,
412,411,Seaking,1,Water,,2,8,9,7,7,8,7,3,10,10,,,3,3,4,Medium,3,"50% M / 50% F",20,30,0,0,0,0,0,,0,0,0,0,0,
413,412,Barboach,3,Water,Ground,1,5,5,4,5,4,6,3,8,6,,,3,1,3,Small,1,"50% M / 50% F",30,10,0,0,0,0,0,,0,0,0,0,0,
414,413,Whiscash,3,Water,Ground,2,11,8,7,8,7,6,6,9,9,,,3,2,4,Medium,2,"50% M / 50% F",20,30,0,0,0,0,0,,0,0,0,0,0,
415,414,Finneon,4,Water,,1,5,5,6,5,6,7,1,8,8,,,3,1,4,Small,1,"50% M / 50% F",30,10,0,0,0,0,0,,0,0,0,0,0,
416,415,Lumineon,4,Water,,2,7,7,8,7,9,9,1,12,12,,,4,2,4,Medium,2,"50% M / 50% F",20,30,0,0,0,0,0,,0,0,0,0,0,
417,416,Chinchou,2,Water,Electric,1,8,4,4,6,6,7,2,8,8,,,2,1,3,Small,2,"50% M / 50% F",30,10,0,0,0,0,0,,0,0,0,0,0,
418,417,Lanturn,2,Water,Electric,2,13,6,6,8,8,7,2,10,12,,,3,2,4,Medium,2,"50% M / 50% F",10,30,0,0,0,0,0,,0,0,0,0,0,
419,418,Carvanha,3,Water,Dark,1,5,9,2,7,2,7,1,10,8,,,3,1,4,Small,2,"50% M / 50% F",30,10,0,0,0,0,0,,0,0,0,0,0,
420,419,Sharpedo,3,Water,Dark,2,7,12,4,10,4,10,3,14,12,,,5,4,4,Medium,4,"50% M / 50% F",20,40,2,3,1,3,1,,0,0,0,0,0,
421,420,Wingull,3,Water,Flying,1,4,3,3,6,3,9,4,8,5,6,,2,1,3,Small,1,"50% M / 50% F",25,10,0,0,0,0,0,,0,0,0,0,0,
422,421,Pelipper,3,Water,Flying,2,6,5,10,9,7,7,6,10,7,8,,2,3,4,Medium,3,"50% M / 50% F",15,40,0,0,0,0,0,,0,0,0,0,0,
423,422,Ducklett,5,Water,Flying,1,6,4,5,4,5,6,2,6,4,6,,3,1,3,Small,1,"50% M / 50% F",25,10,0,0,0,0,0,,0,0,0,0,0,
424,423,Swanna,5,Water,Flying,2,8,9,6,9,6,10,4,8,6,8,,3,2,4,Medium,2,"50% M / 50% F",15,40,0,0,0,0,0,,0,0,0,0,0,
425,424,Tentacool,1,Water,Poison,1,4,4,4,5,10,7,1,8,8,,,2,2,3,Small,3,"50% M / 50% F",40,10,0,0,0,0,0,,0,0,0,0,0,
426,425,Tentacruel,1,Water,Poison,2,8,7,7,8,12,10,4,10,10,,,3,4,4,Medium,4,"50% M / 50% F",20,30,0,0,0,0,0,,0,0,0,0,0,
427,426,Frillish,5,Water,Ghost,1,6,4,5,7,9,4,1,7,7,,,2,1,4,Medium,3,"50% M / 50% F",25,10,0,0,0,0,0,,0,0,0,0,0,
428,427,Jellicent,5,Water,Ghost,2,10,6,7,9,11,6,3,9,9,,,2,3,4,Large,5,"50% M / 50% F",10,40,0,0,0,0,0,,0,0,0,0,0,
429,428,Shellder,1,Water,,1,3,7,10,5,3,4,1,6,4,,,2,1,3,Small,1,"50% M / 50% F",30,10,0,0,0,0,0,,0,0,0,0,0,
430,429,Cloyster,1,Water,Ice,2,5,10,18,9,5,7,3,9,8,,,2,4,4,Medium,5,"50% M / 50% F",10,40,0,0,0,0,0,,0,0,0,0,0,
431,430,Krabby,1,Water,,1,3,11,9,3,3,5,6,6,4,,1,1,1,3,Small,1,"50% M / 50% F",30,10,0,0,0,0,0,,0,0,0,0,0,
432,431,Kingler,1,Water,,2,6,13,12,5,5,8,7,7,6,,1,1,4,4,Medium,4,"50% M / 50% F",10,40,0,0,0,0,0,,0,0,0,0,0,
433,432,Corphish,3,Water,,1,4,8,7,5,4,4,5,5,5,,1,2,2,3,Small,2,"50% M / 50% F",30,10,0,0,0,0,0,,0,0,0,0,0,
434,433,Crawdaunt,3,Water,Dark,2,6,12,9,9,6,6,7,7,7,,1,2,3,4,Medium,3,"50% M / 50% F",10,40,0,0,0,0,0,,0,0,0,0,0,
435,434,Clauncher,6,Water,,2,5,5,6,6,6,5,5,6,5,,1,1,2,3,Small,1,"50% M / 50% F",30,10,0,0,0,0,0,,0,0,0,0,0,
436,435,Clawitzer,6,Water,,1,7,7,9,12,9,6,6,8,6,,2,1,4,4,Medium,3,"50% M / 50% F",10,40,0,0,0,0,0,,0,0,0,0,0,
437,436,Staryu,1,Water,,1,3,5,6,7,6,9,1,5,5,5,,2,2,4,Small,3,"No Gender",30,10,0,0,0,0,0,,0,0,0,0,0,
438,437,Starmie,1,Water,Psychic,2,6,8,9,10,9,12,1,10,10,10,,2,3,4,Medium,4,"No Gender",10,40,0,0,0,0,0,,0,0,0,0,0,
439,438,Psyduck,1,Water,,1,5,5,5,7,5,6,4,6,5,,,2,1,4,Small,2,"50% M / 50% F",25,10,0,0,0,0,0,,0,0,0,0,0,
440,439,Golduck,1,Water,,2,8,8,8,10,8,9,6,10,10,,,3,4,5,Medium,4,"50% M / 50% F",10,40,0,0,0,0,0,,0,0,0,0,0,
441,440,Wooper,2,Water,Ground,1,6,5,5,3,3,2,6,7,4,,,3,1,3,Small,1,"50% M / 50% F",30,10,0,0,0,0,0,,0,0,0,0,0,
442,441,Quagsire,2,Water,Ground,2,10,9,9,7,7,4,7,8,7,,,3,3,4,Medium,4,"50% M / 50% F",10,40,0,0,0,0,0,,0,0,0,0,0,
443,442,Seel,1,Water,,1,7,5,6,5,7,5,4,8,7,,,2,3,4,Medium,4,"50% M / 50% F",30,10,0,0,0,0,0,,0,0,0,0,0,
444,443,Dewgong,1,Water,Ice,2,9,7,8,7,10,7,5,10,10,,,2,4,4,Medium,5,"50% M / 50% F",10,40,0,0,0,0,0,,0,0,0,0,0,
445,444,Shellos,4,Water,,1,8,5,5,6,6,3,2,6,5,,,1,1,3,Small,1,"50% M / 50% F",30,10,0,0,0,0,0,,0,0,0,0,0,
446,445,Gastrodon,4,Water,Ground,2,11,8,7,9,8,4,4,10,7,,,2,2,4,Medium,3,"50% M / 50% F",10,30,0,0,0,0,0,,0,0,0,0,0,
447,446,Buizel,4,Water,,1,6,7,4,6,3,9,7,7,6,,,2,2,4,Small,3,"50% M / 50% F",30,10,0,0,0,0,0,,0,0,0,0,0,
448,447,Floatzel,4,Water,,2,9,11,6,9,5,12,8,10,8,,,3,2,4,Medium,3,"50% M / 50% F",15,40,0,0,0,0,0,,0,0,0,0,0,
449,448,Remoraid,2,Water,,1,4,7,4,7,4,7,1,10,10,,,3,1,4,Small,2,"50% M / 50% F",30,10,0,0,0,0,0,,0,0,0,0,0,
450,449,Octillery,2,Water,,2,8,11,8,11,8,5,4,11,11,,,3,2,4,Small,3,"50% M / 50% F",10,40,0,0,0,0,0,,0,0,0,0,0,
451,450,Mantyke,4,Water,Flying,1,5,2,5,6,12,5,1,8,8,,,4,2,2,Medium,4,"50% M / 50% F",30,15,0,0,0,0,0,,0,0,0,0,0,
452,451,Mantine,2,Water,Flying,2,7,4,7,8,14,7,3,14,14,10,,4,4,4,Large,6,"50% M / 50% F",10,40,0,0,0,0,0,,0,0,0,0,0,
453,452,Magikarp,1,Water,,1,2,1,6,2,2,8,1,8,8,,,4,1,2,Small,1,"50% M / 50% F",75,5,0,0,0,0,0,,0,0,0,0,0,
454,453,Gyarados,1,Water,Flying,2,10,13,8,6,10,8,6,10,10,,,4,6,4,Huge,6,"50% M / 50% F",10,50,3,3,2,2,0,Dark,0,0,0,0,0,
455,454,Feebas,3,Water,,1,2,2,2,1,6,8,1,9,9,,,4,1,2,Small,1,"50% M / 50% F",75,5,0,0,0,0,0,,0,0,0,0,0,
456,455,Milotic,3,Water,,2,10,6,8,10,13,8,6,11,11,,,4,4,4,Large,5,"50% M / 50% F",5,40,0,0,0,0,0,,0,0,0,0,0,
457,456,Wailmer,3,Water,,1,13,7,4,7,4,6,4,6,6,,,3,4,3,Large,5,"50% M / 50% F",30,15,0,0,0,0,0,,0,0,0,0,0,
458,457,Wailord,3,Water,,2,17,9,5,9,5,6,4,12,12,,,3,6,4,Gigantic,6,"50% M / 50% F",10,50,0,0,0,0,0,,0,0,0,0,0,
459,458,Snorunt,3,Ice,,1,5,5,5,5,5,5,4,2,,,,2,1,3,Small,2,"50% M / 50% F",30,10,0,0,0,0,0,,0,0,0,0,0,
460,459,Glalie,3,Ice,,2,8,8,8,8,8,8,8,3,,6,,3,4,4,Medium,6,"50% M / 50% F",10,40,4,0,4,0,2,,0,0,0,0,0,
461,460,Froslass,4,Ice,Ghost,2,7,8,7,8,7,11,6,3,,8,,2,2,4,Medium,3,"0% M / 100% F",10,40,0,0,0,0,0,,0,0,0,0,0,
462,461,Cubchoo,5,Ice,,1,6,7,4,6,4,4,5,5,,,,2,2,3,Small,1,"50% M / 50% F",30,10,0,0,0,0,0,,0,0,0,0,0,
463,462,Beartic,5,Ice,,2,10,11,8,7,8,5,7,7,,,,3,4,4,Large,6,"50% M / 50% F",10,40,0,0,0,0,0,,0,0,0,0,0,
464,463,Bergmite,6,Ice,,1,6,7,9,3,4,3,4,6,,,,1,3,3,Medium,4,"50% M / 50% F",30,10,0,0,0,0,0,,0,0,0,0,0,
465,464,Avalugg,6,Ice,,2,10,12,18,4,5,3,6,10,,,,1,8,4,Huge,6,"50% M / 50% F",5,40,0,0,0,0,0,,0,0,0,0,0,
466,465,Voltorb,1,Electric,,1,4,3,5,6,6,10,8,,,,,1,1,4,Small,1,"No Gender",40,15,0,0,0,0,0,,0,0,0,0,0,
467,466,Electrode,1,Electric,,2,6,5,7,8,8,14,12,,,,,3,3,4,Medium,4,"No Gender",10,30,0,0,0,0,0,,0,0,0,0,0,
468,467,Electrike,3,Electric,,1,4,5,4,7,4,7,6,4,,,,2,1,3,Small,2,"50% M / 50% F",30,10,0,0,0,0,0,,0,0,0,0,0,
469,468,Manectric,3,Electric,,2,7,8,6,11,6,11,8,6,,,,3,3,4,Medium,3,"50% M / 50% F",10,40,0,2,3,2,3,,0,0,0,0,0,
470,469,Blitzle,5,Electric,,1,5,6,3,5,3,8,8,6,,,,4,2,4,Medium,3,"50% M / 50% F",25,10,0,0,0,0,0,,0,0,0,0,0,
471,470,Zebstrika,5,Electric,,2,8,10,6,8,6,12,12,8,,,,5,4,4,Large,4,"50% M / 50% F",10,30,0,0,0,0,0,,0,0,0,0,0,
472,471,Helioptile,6,Electric,Normal,1,4,4,3,6,4,7,5,3,,,,2,2,3,Small,1,"50% M / 50% F",25,10,0,0,0,0,0,,0,0,0,0,0,
473,472,Heliolisk,6,Electric,Normal,2,6,6,5,11,9,11,8,4,,,,4,3,4,Medium,2,"50% M / 50% F",10,30,0,0,0,0,0,,0,0,0,0,0,
474,473,Natu,2,Psychic,Flying,1,4,5,5,7,5,7,4,1,,4,,3,1,4,Small,1,"50% M / 50% F",30,10,0,0,0,0,0,,0,0,0,0,0,
475,474,Xatu,2,Psychic,Flying,2,7,8,7,10,7,10,6,1,,8,,4,2,4,Medium,2,"50% M / 50% F",10,40,0,0,0,0,0,,0,0,0,0,0,
476,475,Woobat,5,Psychic,Flying,1,6,5,4,6,4,7,2,1,,7,,1,1,4,Small,1,"50% M / 50% F",25,10,0,0,0,0,0,,0,0,0,0,0,
477,476,Swoobat,5,Psychic,Flying,2,7,6,6,8,6,11,3,1,,9,,2,2,5,Medium,1,"50% M / 50% F",10,30,0,0,0,0,0,,0,0,0,0,0,
478,477,Spoink,3,Psychic,,1,6,3,4,7,8,6,4,4,,,,5,1,4,Small,3,"50% M / 50% F",30,10,0,0,0,0,0,,0,0,0,0,0,
479,478,Grumpig,3,Psychic,,2,8,5,7,9,11,8,6,6,,,,6,3,4,Medium,4,"50% M / 50% F",10,40,0,0,0,0,0,,0,0,0,0,0,
480,479,Munna,5,Psychic,,1,8,3,5,7,6,2,4,2,,,,1,2,5,Small,2,"50% M / 50% F",25,10,0,0,0,0,0,,0,0,0,0,0,
481,480,Musharna,5,Psychic,,2,12,6,9,11,10,3,5,3,,7,,3,3,6,Medium,4,"50% M / 50% F",10,40,0,0,0,0,0,,0,0,0,0,0,
482,481,Elgyem,5,Psychic,,1,6,6,6,9,6,3,4,4,,4,,3,2,5,Small,1,"50% M / 50% F",30,10,0,0,0,0,0,,0,0,0,0,0,
483,482,Beheeyem,5,Psychic,,2,8,8,8,13,10,4,7,7,,7,,3,3,6,Medium,3,"50% M / 50% F",10,40,0,0,0,0,0,,0,0,0,0,0,
484,483,Drowzee,1,Psychic,,1,6,5,5,4,9,4,6,4,,,,2,2,4,Medium,3,"50% M / 50% F",30,10,0,0,0,0,0,,0,0,0,0,0,
485,484,Hypno,1,Psychic,,2,9,7,7,7,12,7,8,5,,,,3,3,5,Medium,4,"50% M / 50% F",10,30,0,0,0,0,0,,0,0,0,0,0,
486,485,Espurr,6,Psychic,,1,6,5,5,6,6,7,5,3,,,,2,2,4,Small,1,"50% M / 50% F",30,10,0,0,0,0,0,,0,0,0,0,0,
487,486,"Meowstic (male)",6,Psychic,,2,7,5,8,8,8,10,7,5,,,,4,3,5,Small,1,"50% M / 50% F",10,30,0,0,0,0,0,,0,0,0,0,0,
488,486,"Meowstic (female)",6,Psychic,,2,7,5,8,8,8,10,7,5,,,,4,3,5,Small,1,"50% M / 50% F",10,30,0,0,0,0,0,,0,0,0,0,0,
489,487,Smoochum,2,Ice,Psychic,1,5,3,2,9,7,7,4,2,,,,2,1,4,Small,1,"0% M / 100% F",35,10,0,0,0,0,0,,0,0,0,0,0,
490,488,Jynx,1,Ice,Psychic,2,7,5,4,12,10,10,8,6,,,,3,2,5,Medium,3,"0% M / 100% F",10,40,0,0,0,0,0,,0,0,0,0,0,
491,489,"Mime Jr.",4,Psychic,Fairy,1,2,3,5,7,9,6,8,6,,,,2,1,4,Small,2,"50% M / 50% F",35,10,0,0,0,0,0,,0,0,0,0,0,
492,490,"Mr. Mime",1,Psychic,Fairy,2,4,5,7,10,12,9,6,5,,,,3,2,5,Medium,4,"50% M / 50% F",10,40,0,0,0,0,0,,0,0,0,0,0,
493,491,Chingling,4,Psychic,,1,5,3,5,7,5,5,2,1,,4,,2,1,4,Small,1,"50% M / 50% F",30,10,0,0,0,0,0,,0,0,0,0,0,
494,492,Chimecho,3,Psychic,,2,7,5,7,10,8,7,3,2,,8,,2,1,4,Small,1,"50% M / 50% F",25,30,0,0,0,0,0,,0,0,0,0,0,
495,493,Wynaut,3,Psychic,,1,10,2,5,2,5,2,6,2,,,,4,1,3,Small,2,"50% M / 50% F",25,5,0,0,0,0,0,,0,0,0,0,0,
496,494,Wobbuffet,2,Psychic,,2,19,3,6,3,6,3,8,6,,,,2,2,5,Medium,3,"50% M / 50% F",15,40,0,0,0,0,0,,0,0,0,0,0,
497,495,Tyrogue,2,Fighting,,1,4,4,4,4,4,4,7,7,,,,3,2,3,Small,2,"100% M / 0% F",30,10,0,0,0,0,0,,0,0,0,0,0,
498,496,Hitmonlee,1,Fighting,,2,5,12,5,4,11,8,8,8,,,,6,3,4,Medium,3,"100% M / 0% F",10,40,0,0,0,0,0,,0,0,0,0,0,
499,497,Hitmonchan,1,Fighting,,2,5,11,8,4,11,8,8,8,,,,3,4,4,Medium,4,"100% M / 0% F",10,40,0,0,0,0,0,,0,0,0,0,0,
500,498,Hitmontop,2,Fighting,,2,5,10,10,4,11,7,10,8,,,,2,3,4,Medium,3,"100% M / 0% F",10,40,0,0,0,0,0,,0,0,0,0,0,
501,499,Mankey,1,Fighting,,1,4,8,4,4,5,7,6,5,,,,5,2,4,Small,3,"50% M / 50% F",25,10,0,0,0,0,0,,0,0,0,0,0,
502,500,Primeape,1,Fighting,,2,7,11,6,6,7,10,8,7,,,,5,4,4,Medium,3,"50% M / 50% F",10,40,0,0,0,0,0,,0,0,0,0,0,
503,501,Mienfoo,5,Fighting,,1,5,9,5,6,5,7,6,5,,,,3,3,4,Small,2,"50% M / 50% F",25,10,0,0,0,0,0,,0,0,0,0,0,
504,502,Mienshao,5,Fighting,,2,7,13,6,10,6,11,8,7,,,,4,4,4,Medium,3,"50% M / 50% F",10,40,0,0,0,0,0,,0,0,0,0,0,
505,503,Makuhita,3,Fighting,,1,7,6,3,2,3,3,4,4,,,,1,3,4,Medium,4,"75% M / 25% F",30,10,0,0,0,0,0,,0,0,0,0,0,
506,504,Hariyama,3,Fighting,,2,14,12,6,4,6,5,7,7,,,,1,6,4,Medium,6,"75% M / 25% F",10,40,0,0,0,0,0,,0,0,0,0,0,
507,505,Meditite,3,Fighting,Psychic,1,3,4,6,4,6,6,6,6,,1,,4,2,4,Small,1,"50% M / 50% F",30,10,0,0,0,0,0,,0,0,0,0,0,
508,506,Medicham,3,Fighting,Psychic,2,6,6,8,6,8,8,7,7,,3,,5,4,4,Medium,3,"50% M / 50% F",10,40,4,1,2,1,2,,0,0,0,0,0,
509,507,Riolu,4,Fighting,,1,4,7,4,4,4,6,6,4,,,,3,2,3,Small,2,"87.5% M / 12.5% F",25,10,0,0,0,0,0,,0,0,0,0,0,
510,508,Lucario,4,Fighting,Steel,2,7,11,7,12,7,9,8,6,,,,4,4,4,Medium,4,"87.5% M / 12.5% F",10,50,4,2,2,0,2,,0,0,0,0,0,
511,509,Pancham,6,Fighting,,1,7,8,6,5,5,4,6,3,,,,3,2,3,Small,1,"50% M / 50% F",25,10,0,0,0,0,0,,0,0,0,0,0,
512,510,Pangoro,6,Fighting,Dark,2,10,12,8,7,7,6,8,6,,,,4,5,4,Large,5,"50% M / 50% F",10,40,0,0,0,0,0,,0,0,0,0,0,
513,511,Murkrow,2,Dark,Flying,1,6,9,4,9,4,9,4,1,,6,,2,1,4,Small,1,"50% M / 50% F",15,15,0,0,0,0,0,,0,0,0,0,0,
514,512,Honchkrow,4,Dark,Flying,2,10,13,5,11,5,7,6,1,,10,,3,2,4,Medium,3,"50% M / 50% F",10,40,0,0,0,0,0,,0,0,0,0,0,
515,513,Vullaby,5,Dark,Flying,1,7,6,8,5,7,6,3,1,,6,,3,1,4,Small,1,"0% M / 100% F",30,10,0,0,0,0,0,,0,0,0,0,0,
516,514,Mandibuzz,5,Dark,Flying,2,11,7,11,6,10,8,4,1,,8,,3,3,4,Medium,3,"0% M / 100% F",10,40,0,0,0,0,0,,0,0,0,0,0,
517,515,Purrloin,5,Dark,,1,4,5,4,5,4,7,6,4,,,,3,2,4,Small,1,"50% M / 50% F",25,15,0,0,0,0,0,,0,0,0,0,0,
518,516,Liepard,5,Dark,,2,6,9,5,9,5,11,8,6,,,,4,3,4,Medium,3,"50% M / 50% F",10,30,0,0,0,0,0,,0,0,0,0,0,
519,517,Houndour,2,Dark,Fire,1,5,6,3,8,5,7,6,4,,,,3,1,3,Small,1,"50% M / 50% F",25,10,0,0,0,0,0,,0,0,0,0,0,
520,518,Houndoom,2,Dark,Fire,2,8,9,5,11,8,10,9,5,,,,3,1,3,Medium,3,"50% M / 50% F",10,40,0,4,3,1,2,,0,0,0,0,0,
521,519,Poochyena,3,Dark,,1,4,6,4,3,3,4,7,4,,,,2,1,3,Small,2,"50% M / 50% F",25,10,0,0,0,0,0,,0,0,0,0,0,
522,520,Mightyena,3,Dark,,2,7,9,7,6,6,7,9,8,,,,3,3,4,Medium,3,"50% M / 50% F",10,30,0,0,0,0,0,,0,0,0,0,0,
523,521,Scraggy,5,Dark,Fighting,1,5,8,7,4,7,5,6,4,,,,3,3,4,Small,2,"50% M / 50% F",25,10,0,0,0,0,0,,0,0,0,0,0,
524,522,Scrafty,5,Dark,Fighting,2,7,9,12,5,12,6,8,6,,,,4,3,5,Medium,3,"50% M / 50% F",10,40,0,0,0,0,0,,0,0,0,0,0,
525,523,Sneasel,2,Dark,Ice,1,6,10,6,4,8,12,7,4,,,,3,3,4,Medium,3,"50% M / 50% F",20,30,0,0,0,0,0,,0,0,0,0,0,
526,524,Weavile,4,Dark,Ice,2,7,12,7,5,9,13,10,6,,,,4,4,4,Medium,3,"50% M / 50% F",10,40,0,0,0,0,0,,0,0,0,0,0,
527,525,Pawniard,5,Dark,Steel,1,5,9,7,4,4,6,7,4,,,,3,3,3,Small,1,"50% M / 50% F",30,15,0,0,0,0,0,,0,0,0,0,0,
528,526,Bisharp,5,Dark,Steel,2,7,13,10,6,7,7,9,7,,,,4,4,4,Medium,4,"50% M / 50% F",10,40,0,0,0,0,0,,0,0,0,0,0,
529,527,Zorua,5,Dark,,1,4,7,4,8,4,7,6,4,,,,2,2,4,Small,2,"87.5% M / 12.5% F",15,15,0,0,0,0,0,,0,0,0,0,0,
530,528,Zoroark,5,Dark,,2,6,11,6,12,6,11,8,6,,,,3,3,4,Medium,4,"87.5% M / 12.5% F",5,40,0,0,0,0,0,,0,0,0,0,0,
531,529,Inkay,6,Dark,Psychic,1,5,5,5,4,5,5,4,6,,,,2,2,4,Small,1,"50% M / 50% F",15,15,0,0,0,0,0,,0,0,0,0,0,
532,530,Malamar,6,Dark,Psychic,2,9,9,9,7,8,7,8,8,,,,2,4,5,Medium,3,"50% M / 50% F",10,40,0,0,0,0,0,,0,0,0,0,0,
533,531,Misdreavus,2,Ghost,,1,6,6,6,9,9,9,1,1,,8,,,1,4,Small,1,"50% M / 50% F",15,20,0,0,0,0,0,,0,0,0,0,0,
534,532,Mismagius,4,Ghost,,2,6,6,6,11,11,11,1,3,,12,,,2,4,Small,1,"50% M / 50% F",10,40,0,0,0,0,0,,0,0,0,0,0,
535,533,Shuppet,3,Ghost,,1,4,8,4,6,3,5,1,4,,4,,3,1,4,Small,1,"50% M / 50% F",30,10,0,0,0,0,0,,0,0,0,0,0,
536,534,Banette,3,Ghost,,2,6,12,7,8,6,7,6,4,,6,,3,3,4,Medium,2,"50% M / 50% F",10,40,5,1,1,2,1,,0,0,0,0,0,
537,535,Drifloon,4,Ghost,Flying,1,9,5,3,6,4,7,1,1,,6,,4,1,4,Small,1,"50% M / 50% F",25,10,0,0,0,0,0,,0,0,0,0,0,
538,536,Drifblim,4,Ghost,Flying,2,15,8,4,9,5,8,3,1,,8,,4,4,4,Medium,2,"50% M / 50% F",10,40,0,0,0,0,0,,0,0,0,0,0,
539,537,Yamask,5,Ghost,,1,4,3,9,6,7,3,6,6,,6,,3,2,4,Small,1,"50% M / 50% F",25,15,0,0,0,0,0,,0,0,0,0,0,
540,538,Cofagrigus,5,Ghost,,2,6,5,15,10,11,3,7,7,,7,,3,3,4,Medium,4,"50% M / 50% F",10,40,0,0,0,0,0,,0,0,0,0,0,
541,539,Phantump,6,Ghost,Grass,1,4,7,5,5,6,4,2,3,,6,,1,2,3,Small,1,"50% M / 50% F",25,15,0,0,0,0,0,,0,0,0,0,0,
542,540,Trevenant,6,Ghost,Grass,2,9,11,8,7,8,6,6,6,,2,,2,3,4,Medium,4,"50% M / 50% F",10,30,0,0,0,0,0,,0,0,0,0,0,
543,541,Pumpkaboo,6,Ghost,Grass,1,4,7,7,4,6,6,2,2,,5,,2,2,3,Small,2,"50% M / 50% F",25,15,0,0,0,0,0,,0,0,0,0,0,
544,542,Gourgeist,6,Ghost,Grass,2,7,9,12,6,8,8,6,2,,3,,2,4,4,Large,3,"50% M / 50% F",10,30,0,0,0,0,0,,0,0,0,0,0,
545,543,Snubbull,2,Fairy,,1,6,8,5,4,4,3,6,4,,,,2,1,4,Small,1,"25% M / 75% F",25,15,0,0,0,0,0,,0,0,0,0,0,
546,544,Granbull,2,Fairy,,2,9,12,8,6,6,5,8,6,,,,2,3,4,Medium,3,"25% M / 75% F",10,30,0,0,0,0,0,,0,0,0,0,0,
547,545,Spritzee,6,Fairy,,1,8,5,6,6,7,2,2,2,,5,,2,1,3,Small,1,"50% M / 50% F",25,15,0,0,0,0,0,,0,0,0,0,0,
548,546,Aromatisse,6,Fairy,,2,10,7,7,10,9,3,6,4,,2,,2,3,4,Small,2,"50% M / 50% F",10,30,0,0,0,0,0,,0,0,0,0,0,
549,547,Swirlix,6,Fairy,,1,6,5,7,6,6,5,5,2,,,,1,1,3,Small,1,"50% M / 50% F",25,15,0,0,0,0,0,,0,0,0,0,0,
550,548,Slurpuff,6,Fairy,,2,8,8,9,9,8,7,7,2,,,,4,2,4,Small,1,"50% M / 50% F",10,30,0,0,0,0,0,,0,0,0,0,0,
551,549,Noibat,6,Flying,Dragon,1,4,3,4,5,4,6,4,2,,6,,1,2,3,Small,1,"50% M / 50% F",20,20,0,0,0,0,0,,0,0,0,0,0,
552,550,Noivern,6,Flying,Dragon,2,9,7,8,10,8,12,8,2,,12,,4,4,4,Large,4,"50% M / 50% F",5,50,0,0,0,0,0,,0,0,0,0,0,
553,551,Pansage,5,Grass,,1,5,5,5,5,5,6,6,4,,,,4,2,4,Small,1,"87.5% M / 12.5% F",25,10,0,0,0,0,0,,0,0,0,0,0,
554,552,Simisage,5,Grass,,2,8,10,6,10,6,10,8,7,,,,5,3,4,Medium,3,"87.5% M / 12.5% F",10,30,0,0,0,0,0,,0,0,0,0,0,
555,553,Pansear,5,Fire,,1,5,5,5,5,5,6,6,4,,,,4,2,4,Small,1,"87.5% M / 12.5% F",25,10,0,0,0,0,0,,0,0,0,0,0,
556,554,Simisear,5,Fire,,2,8,10,6,10,6,10,8,7,,,,5,3,4,Medium,3,"87.5% M / 12.5% F",10,30,0,0,0,0,0,,0,0,0,0,0,
557,555,Panpour,5,Water,,1,5,5,5,5,5,6,6,5,,,,4,2,4,Small,2,"87.5% M / 12.5% F",25,10,0,0,0,0,0,,0,0,0,0,0,
558,556,Simipour,5,Water,,2,8,10,6,10,6,10,8,8,,,,5,3,4,Medium,3,"87.5% M / 12.5% F",10,30,0,0,0,0,0,,0,0,0,0,0,
559,557,"Farfetch'd",1,Normal,Flying,1,5,7,6,6,6,6,6,3,,10,,3,1,4,Small,2,"50% M / 50% F",10,25,0,0,0,0,0,,0,0,0,0,0,
560,558,Chatot,4,Normal,Flying,1,8,7,5,9,4,9,6,1,,8,,3,1,4,Small,1,"50% M / 50% F",30,25,0,0,0,0,0,,0,0,0,0,0,
561,559,Hawlucha,6,Fighting,Flying,1,8,9,8,7,6,12,8,4,,8,,4,4,4,Small,2,"50% M / 50% F",15,25,0,0,0,0,0,,0,0,0,0,0,
562,560,Dunsparce,2,Normal,,1,10,7,7,7,7,5,7,7,,6,7,1,1,3,Medium,2,"50% M / 50% F",20,25,0,0,0,0,0,,0,0,0,0,0,
563,561,Miltank,2,Normal,,1,10,8,11,4,7,10,8,6,,,,3,3,4,Medium,4,"0% M / 100% F",10,35,0,0,0,0,0,,0,0,0,0,0,
564,562,Tauros,1,Normal,,1,8,10,10,4,7,11,10,6,,,,2,4,4,Medium,4,"100% M / 0% F",10,35,0,0,0,0,0,,0,0,0,0,0,
565,563,Bouffalant,5,Normal,,1,10,11,10,4,10,6,12,8,,,,3,4,3,Large,4,"50% M / 50% F",15,25,0,0,0,0,0,,0,0,0,0,0,
566,564,Stantler,2,Normal,,1,7,10,6,9,7,9,8,6,,,,4,3,4,Medium,4,"50% M / 50% F",20,30,0,0,0,0,0,,0,0,0,0,0,
567,565,Audino,5,Normal,,1,10,6,9,6,9,5,6,4,,,,2,3,4,Medium,3,"50% M / 50% F",20,25,0,4,2,4,0,Fairy,0,0,0,0,0,
568,566,Spinda,3,Normal,,1,6,6,6,6,6,6,6,4,,,,3,1,3,Medium,1,"50% M / 50% F",20,20,0,0,0,0,0,,0,0,0,0,0,
569,567,Furfrou,6,Normal,,1,8,8,6,7,9,10,6,6,,,,3,3,4,Medium,3,"50% M / 50% F",15,40,0,0,0,0,0,,0,0,0,0,0,
570,568,Kecleon,3,Normal,,1,6,9,7,6,12,4,8,6,,,,4,2,4,Medium,2,"50% M / 50% F",20,30,0,0,0,0,0,,0,0,0,0,0,
571,569,Castform,3,Normal,,1,7,7,7,7,7,7,1,6,,6,,2,1,4,Small,1,"50% M / 50% F",20,25,0,0,0,0,0,,0,0,0,0,0,
572,570,Smeargle,2,Normal,,1,6,2,4,2,5,8,6,6,,,,3,3,4,Medium,4,"50% M / 50% F",15,30,0,0,0,0,0,,0,0,0,0,0,
573,571,Kangaskhan,1,Normal,,1,11,10,8,4,8,9,8,6,,,,5,4,4,Medium,4,"0% M / 100% F",10,35,3,2,2,2,1,,0,0,0,0,0,
574,572,Zangoose,3,Normal,,1,7,12,6,6,6,9,10,6,,,8,4,3,4,Medium,3,"50% M / 50% F",15,30,0,0,0,0,0,,0,0,0,0,0,
575,573,Seviper,3,Poison,,1,7,10,6,10,6,7,10,6,,,8,4,3,4,Large,4,"50% M / 50% F",15,30,0,0,0,0,0,,0,0,0,0,0,
576,574,Shuckle,2,Bug,Rock,1,2,1,23,1,23,1,3,,,,,1,2,3,Small,2,"50% M / 50% F",20,25,0,0,0,0,0,,0,0,0,0,0,
577,575,Durant,5,Bug,Steel,1,6,11,11,5,5,11,8,,,,8,2,5,2,Small,3,"50% M / 50% F",20,25,0,0,0,0,0,,0,0,0,0,0,
578,576,Pinsir,1,Bug,,1,7,13,10,6,7,9,7,7,,,,3,5,4,Medium,4,"50% M / 50% F",15,40,3,2,1,2,2,Flying,0,0,0,0,0,
579,577,Heracross,2,Bug,Fighting,1,8,13,8,4,10,9,8,6,,6,,4,5,4,Medium,4,"50% M / 50% F",15,40,6,3,0,2,0,,0,0,0,0,0,
580,578,Carnivine,4,Grass,,1,7,10,7,9,7,5,6,4,,4,,3,2,4,Medium,3,"50% M / 50% F",15,30,0,0,0,0,0,,0,0,0,0,0,
581,579,Maractus,5,Grass,,1,8,9,7,11,8,6,7,5,,,,2,2,4,Medium,3,"50% M / 50% F",20,25,0,0,0,0,0,,0,0,0,0,0,
582,580,Tropius,3,Grass,Flying,1,10,7,8,7,9,5,6,2,,10,,5,4,4,Large,5,"50% M / 50% F",25,30,0,0,0,0,0,,0,0,0,0,0,
583,581,Torkoal,3,Fire,,1,7,9,14,9,7,2,3,,,,,2,4,4,Small,4,"50% M / 50% F",20,25,0,0,0,0,0,,0,0,0,0,0,
584,582,Heatmor,5,Fire,,1,9,10,7,11,7,7,8,,,,4,2,3,4,Medium,4,"50% M / 50% F",20,25,0,0,0,0,0,,0,0,0,0,0,
585,583,Qwilfish,2,Water,Poison,1,7,10,8,6,6,9,1,8,10,,,3,1,3,Small,1,"50% M / 50% F",20,20,0,0,0,0,0,,0,0,0,0,0,
586,584,Basculin,5,Water,,1,7,9,7,8,6,10,1,9,9,,,4,4,3,Medium,2,"50% M / 50% F",30,25,0,0,0,0,0,,0,0,0,0,0,
587,585,Relicanth,3,Water,Rock,1,10,9,13,5,7,6,1,8,8,,,1,1,3,Medium,2,"87.5% M / 12.5% F",20,25,0,0,0,0,0,,0,0,0,0,0,
588,586,Corsola,2,Water,Rock,1,6,6,9,7,9,4,4,8,8,,,2,1,3,Small,1,"25% M / 75% F",20,30,0,0,0,0,0,,0,0,0,0,0,
589,587,Luvdisc,3,Water,,1,4,3,6,4,7,6,1,8,8,,,2,1,3,Small,1,"25% M / 75% F",40,10,0,0,0,0,0,,0,0,0,0,0,
590,588,Alomomola,5,Water,,1,17,8,8,4,5,7,1,8,8,,,2,3,4,Medium,3,"50% M / 50% F",15,25,0,0,0,0,0,,0,0,0,0,0,
591,589,Lapras,1,Water,Ice,1,13,9,8,9,10,6,4,12,8,,,1,6,4,Large,6,"50% M / 50% F",10,40,0,0,0,0,0,,0,0,0,0,0,
592,590,Delibird,2,Ice,Flying,1,5,6,5,7,5,8,6,8,4,,,5,1,4,Medium,2,"50% M / 50% F",20,20,0,0,0,0,0,,0,0,0,0,0,
593,591,Cryogonal,5,Ice,,1,7,5,3,10,14,11,1,3,,7,,1,3,4,Medium,5,"No Gender",15,25,0,0,0,0,0,,0,0,0,0,0,
594,592,Pachirisu,4,Electric,,1,6,5,7,5,9,10,6,4,,,,3,1,4,Small,1,"50% M / 50% F",30,15,0,0,0,0,0,,0,0,0,0,0,
595,593,Emolga,5,Electric,Flying,1,6,8,6,8,6,10,6,2,,6,,5,2,4,Small,1,"50% M / 50% F",30,15,0,0,0,0,0,,0,0,0,0,0,
596,594,Dedenne,6,Electric,Fairy,1,7,6,6,8,7,10,6,4,,,,3,1,4,Small,1,"50% M / 50% F",30,15,0,0,0,0,0,,0,0,0,0,0,
597,595,Stunfisk,5,Ground,Electric,1,11,7,8,8,10,3,4,8,8,,,2,1,2,Small,1,"50% M / 50% F",25,25,0,0,0,0,0,,0,0,0,0,0,
598,596,Rotom,4,Electric,Ghost,1,5,5,8,10,8,9,8,2,,6,,4,1,4,Small,1,"No Gender",10,40,0,0,0,0,0,,0,0,0,0,0,
599,597,Girafarig,2,Normal,Psychic,1,7,8,7,9,7,9,8,6,,,,4,3,4,Medium,3,"50% M / 50% F",15,25,0,0,0,0,0,,0,0,0,0,0,
600,598,Sigilyph,5,Psychic,Flying,1,7,6,8,10,8,10,1,1,,8,,3,2,6,Medium,2,"50% M / 50% F",15,25,0,0,0,0,0,,0,0,0,0,0,
601,599,Mawile,3,Steel,Fairy,1,5,9,9,6,6,5,6,4,,,,3,1,4,Small,2,"50% M / 50% F",20,25,2,4,0,4,0,,0,0,0,0,0,
602,600,Skarmory,2,Steel,Flying,1,7,8,14,4,7,7,4,,,14,,3,4,4,Large,4,"50% M / 50% F",15,40,0,0,0,0,0,,0,0,0,0,0,
603,601,Absol,3,Dark,,1,7,13,6,8,6,8,8,6,,,,4,3,4,Medium,3,"50% M / 50% F",10,40,2,0,4,0,4,,0,0,0,0,0,
604,602,Sableye,3,Dark,Ghost,1,5,8,8,7,7,5,6,4,,,,4,1,4,Small,1,"50% M / 50% F",20,25,1,4,1,4,0,,0,0,0,0,0,
605,603,Spiritomb,4,Ghost,Dark,1,5,9,11,9,11,4,5,,,5,,2,1,5,Medium,5,"50% M / 50% F",10,45,0,0,0,0,0,,0,0,0,0,0,
606,604,Druddigon,5,Dragon,,1,8,12,9,6,9,5,6,4,,8,,3,5,4,Large,5,"50% M / 50% F",15,40,0,0,0,0,0,,0,0,0,0,0,
607,605,Carbink,6,Rock,Fairy,1,5,5,15,5,15,5,2,,,6,,2,2,4,Small,1,"0% M / 0% F",15,30,0,0,0,0,0,,0,0,0,0,0,
608,606,Klefki,6,Steel,Fairy,1,6,8,9,8,9,8,,,,8,,2,2,4,Small,1,"50% M / 50% F",15,30,0,0,0,0,0,,0,0,0,0,0,
609,607,Plusle,3,Electric,,1,6,5,4,9,8,10,6,4,,,,2,1,4,Small,1,"50% M / 50% F",25,20,0,0,0,0,0,,0,0,0,0,0,
610,608,Minun,3,Electric,,1,6,4,5,8,9,10,6,4,,,,2,1,4,Small,1,"50% M / 50% F",25,20,0,0,0,0,0,,0,0,0,0,0,
611,609,Volbeat,3,Bug,,1,7,7,6,5,8,9,6,,,6,,3,1,4,Small,2,"100% M / 0% F",30,25,0,0,0,0,0,,0,0,0,0,0,
612,610,Illumise,3,Bug,,1,7,5,6,7,8,9,6,,,6,,3,1,4,Small,2,"0% M / 100% F",30,25,0,0,0,0,0,,0,0,0,0,0,
613,611,Lunatone,3,Rock,Psychic,1,7,6,8,7,9,9,1,,,8,,1,3,4,Medium,5,"No Gender",15,30,0,0,0,0,0,,0,0,0,0,0,
614,612,Solrock,3,Rock,Psychic,1,7,10,9,6,7,7,1,,,8,,1,3,4,Medium,5,"No Gender",15,30,0,0,0,0,0,,0,0,0,0,0,
615,613,Throh,5,Fighting,,1,12,10,9,3,9,5,8,6,,,,4,5,4,Medium,4,"100% M / 0% F",15,30,0,0,0,0,0,,0,0,0,0,0,
616,614,Sawk,5,Fighting,,1,8,13,8,3,8,9,8,6,,,,4,5,4,Medium,4,"100% M / 0% F",15,30,0,0,0,0,0,,0,0,0,0,0,
617,615,Ditto,1,Normal,,1,5,5,5,5,5,5,6,6,,,,1,1,4,Small,1,"No Gender",10,30,0,0,0,0,0,,0,0,0,0,0,
618,616,Unown,2,Psychic,,1,5,7,5,7,5,5,,1,,6,,,1,5,Small,1,"No Gender",25,5,0,0,0,0,0,,0,0,0,0,0,
619,617,Eevee,1,Normal,,1,6,6,5,5,7,6,6,4,,,,3,1,4,Small,1,"87.5% M / 12.5% F",20,10,0,0,0,0,0,,0,0,0,0,0,
620,618,Vaporeon,1,Water,,2,13,7,6,11,10,7,6,10,10,,,2,2,4,Medium,3,"87.5% M / 12.5% F",10,40,0,0,0,0,0,,0,0,0,0,0,
621,619,Jolteon,1,Electric,,2,7,7,6,11,10,13,14,4,,,,4,2,4,Medium,2,"87.5% M / 12.5% F",10,40,0,0,0,0,0,,0,0,0,0,0,
622,620,Flareon,1,Fire,,2,7,13,6,10,11,7,8,6,,,,3,2,4,Medium,3,"87.5% M / 12.5% F",10,40,0,0,0,0,0,,0,0,0,0,0,
623,621,Espeon,2,Psychic,,2,7,7,6,13,10,11,8,6,,,,3,2,5,Medium,3,"87.5% M / 12.5% F",10,40,0,0,0,0,0,,0,0,0,0,0,
624,622,Umbreon,2,Dark,,2,10,7,11,6,13,7,8,6,,,,4,2,4,Medium,3,"87.5% M / 12.5% F",10,40,0,0,0,0,0,,0,0,0,0,0,
625,623,Leafeon,4,Grass,,2,7,11,13,6,7,10,8,6,,,,5,2,4,Medium,3,"87.5% M / 12.5% F",10,40,0,0,0,0,0,,0,0,0,0,0,
626,624,Glaceon,4,Ice,,2,7,6,11,13,10,7,8,6,,,,3,2,4,Medium,3,"87.5% M / 12.5% F",10,40,0,0,0,0,0,,0,0,0,0,0,
627,625,Sylveon,6,Fairy,,2,10,7,7,11,13,6,6,6,,,,3,2,4,Medium,2,"87.5% M / 12.5% F",10,40,0,0,0,0,0,,0,0,0,0,0,
628,626,Omanyte,1,Rock,Water,1,4,4,10,9,6,4,4,7,7,,,1,1,3,Small,1,"87.5% M / 12.5% F",15,20,0,0,0,0,0,,0,0,0,0,0,
629,627,Omastar,1,Rock,Water,2,7,6,13,12,7,6,5,9,9,,,2,2,4,Medium,3,"87.5% M / 12.5% F",10,40,0,0,0,0,0,,0,0,0,0,0,
630,628,Kabuto,1,Rock,Water,2,3,8,9,6,5,6,4,7,7,,,1,1,2,Small,2,"87.5% M / 12.5% F",15,20,0,0,0,0,0,,0,0,0,0,0,
631,629,Kabutops,1,Rock,Water,2,6,12,11,7,7,8,9,8,6,,,3,3,4,Medium,3,"87.5% M / 12.5% F",10,40,0,0,0,0,0,,0,0,0,0,0,
632,630,Lileep,3,Rock,Grass,1,7,4,8,6,9,2,3,5,3,,,1,2,3,Medium,2,"87.5% M / 12.5% F",15,20,0,0,0,0,0,,0,0,0,0,0,
633,631,Cradily,3,Rock,Grass,2,9,8,10,8,11,4,6,5,7,,,4,3,4,Medium,4,"87.5% M / 12.5% F",10,40,0,0,0,0,0,,0,0,0,0,0,
634,632,Anorith,3,Rock,Bug,1,5,10,5,4,5,8,5,5,5,,,1,1,2,Small,2,"87.5% M / 12.5% F",15,20,0,0,0,0,0,,0,0,0,0,0,
635,633,Armaldo,3,Rock,Bug,2,8,13,10,7,8,5,8,8,8,,,3,4,4,Medium,4,"87.5% M / 12.5% F",10,40,0,0,0,0,0,,0,0,0,0,0,
636,634,Cranidos,4,Rock,,1,7,13,4,3,3,6,6,,,,,4,3,3,Medium,3,"87.5% M / 12.5% F",15,20,0,0,0,0,0,,0,0,0,0,0,
637,635,Rampardos,4,Rock,,2,10,17,6,7,5,6,8,,,,,4,4,4,Medium,5,"87.5% M / 12.5% F",10,40,0,0,0,0,0,,0,0,0,0,0,
638,636,Shieldon,4,Rock,Steel,1,3,4,12,4,9,3,4,,,,,3,3,3,Small,4,"87.5% M / 12.5% F",15,20,0,0,0,0,0,,0,0,0,0,0,
639,637,Bastiodon,4,Rock,Steel,2,6,5,17,5,14,3,6,,,,,3,4,4,Medium,5,"87.5% M / 12.5% F",10,40,0,0,0,0,0,,0,0,0,0,0,
640,638,Tirtouga,5,Water,Rock,1,6,8,10,5,5,2,4,8,8,,,2,2,4,Small,2,"87.5% M / 12.5% F",15,20,0,0,0,0,0,,0,0,0,0,0,
641,639,Carracosta,5,Water,Rock,2,7,11,13,8,7,3,5,10,10,,,2,4,4,Medium,4,"87.5% M / 12.5% F",10,40,0,0,0,0,0,,0,0,0,0,0,
642,640,Archen,5,Rock,Flying,1,6,11,5,7,5,7,8,1,,3,,5,1,4,Small,1,"87.5% M / 12.5% F",15,20,0,0,0,0,0,,0,0,0,0,0,
643,641,Archeops,5,Rock,Flying,2,8,14,7,11,7,11,12,1,,6,,6,2,4,Medium,3,"87.5% M / 12.5% F",10,40,0,0,0,0,0,,0,0,0,0,0,
644,642,Tyrunt,6,Rock,Dragon,1,6,9,8,5,5,5,5,1,,,,2,2,4,Small,3,"87.5% M / 12.5% F",15,20,0,0,0,0,0,,0,0,0,0,0,
645,643,Tyrantrum,6,Rock,Dragon,2,8,12,12,7,6,7,9,1,,,,2,5,4,Large,6,"87.5% M / 12.5% F",10,40,0,0,0,0,0,,0,0,0,0,0,
646,644,Amaura,6,Rock,Ice,1,8,6,5,7,6,5,6,2,,,,2,3,4,Medium,3,"87.5% M / 12.5% F",15,20,0,0,0,0,0,,0,0,0,0,0,
647,645,Aurorus,6,Rock,Ice,2,12,8,7,10,9,6,8,4,,,,2,5,4,Huge,6,"87.5% M / 12.5% F",10,40,0,0,0,0,0,,0,0,0,0,0,
648,646,Aerodactyl,1,Rock,Flying,1,8,11,7,6,8,13,4,,,15,,4,5,4,Huge,4,"87.5% M / 12.5% F",5,50,3,2,1,2,2,,0,0,0,0,0,
649,647,Dratini,1,Dragon,,1,4,6,5,5,5,5,5,5,5,,,2,1,3,Medium,1,"50% M / 50% F",15,15,0,0,0,0,0,,0,0,0,0,0,
650,648,Dragonair,1,Dragon,,2,6,8,7,7,7,7,7,7,7,,,2,2,4,Medium,2,"50% M / 50% F",5,30,0,0,0,0,0,,0,0,0,0,0,
651,649,Dragonite,1,Dragon,Flying,3,9,13,10,10,10,8,10,10,10,16,,3,5,4,Large,6,"50% M / 50% F",5,55,0,0,0,0,0,,0,0,0,0,0,
652,650,Larvitar,2,Rock,Ground,1,5,6,5,5,5,4,4,,,,,1,2,3,Small,4,"50% M / 50% F",15,15,0,0,0,0,0,,0,0,0,0,0,
653,651,Pupitar,2,Rock,Ground,2,7,8,7,7,7,5,4,,,,,5,3,4,Medium,5,"50% M / 50% F",5,30,0,0,0,0,0,,0,0,0,0,0,
654,652,Tyranitar,2,Rock,Dark,3,10,13,11,10,10,6,9,,,,,3,5,4,Large,6,"50% M / 50% F",5,55,3,4,0,2,1,,0,0,0,0,0,
655,653,Bagon,3,Dragon,,1,5,8,6,4,3,5,6,4,,,,3,2,3,Small,3,"50% M / 50% F",15,15,0,0,0,0,0,,0,0,0,0,0,
656,654,Shelgon,3,Dragon,,2,7,10,10,6,5,5,7,5,,,,2,4,3,Medium,5,"50% M / 50% F",5,30,0,0,0,0,0,,0,0,0,0,0,
657,655,Salamence,3,Dragon,Flying,3,10,14,8,11,8,10,8,8,,14,,4,5,4,Large,5,"50% M / 50% F",5,55,1,5,1,1,2,,0,0,0,0,0,
658,656,Beldum,3,Steel,Psychic,1,4,6,8,4,6,3,1,,,6,,1,3,5,Small,4,"No Gender",15,15,0,0,0,0,0,,0,0,0,0,0,
659,657,Metang,3,Steel,Psychic,2,6,8,10,6,8,5,2,,,7,,1,4,6,Medium,6,"No Gender",5,30,0,0,0,0,0,,0,0,0,0,0,
660,658,Metagross,3,Steel,Psychic,3,8,14,13,10,9,7,8,,,8,,4,8,7,Large,6,"No Gender",5,55,1,2,1,2,4,,0,0,0,0,0,
661,659,Gible,4,Dragon,Ground,1,6,7,5,4,5,4,6,4,,,6,1,1,3,Small,2,"50% M / 50% F",15,15,0,0,0,0,0,,0,0,0,0,0,
662,660,Gabite,4,Dragon,Ground,2,7,9,7,5,6,8,7,5,,,7,3,3,4,Medium,4,"50% M / 50% F",5,30,0,0,0,0,0,,0,0,0,0,0,
663,661,Garchomp,4,Dragon,Ground,3,11,13,10,8,9,10,8,8,,14,8,3,5,4,Large,4,"50% M / 50% F",5,55,4,2,4,1,0,,0,0,0,0,0,
664,662,Deino,5,Dark,Dragon,1,5,7,5,5,5,4,6,4,,,,2,2,2,Small,2,"50% M / 50% F",15,15,0,0,0,0,0,,0,0,0,0,0,
665,663,Zweilous,5,Dark,Dragon,2,7,9,7,7,7,6,7,5,,4,,3,3,3,Medium,4,"50% M / 50% F",5,30,0,0,0,0,0,,0,0,0,0,0,
666,664,Hydreigon,5,Dark,Dragon,3,9,11,9,13,9,10,8,6,,9,,4,6,4,Large,5,"50% M / 50% F",5,55,0,0,0,0,0,,0,0,0,0,0,
667,665,Goomy,6,Dragon,,1,5,5,4,6,8,4,4,6,,,,1,2,3,Small,1,"50% M / 50% F",15,15,0,0,0,0,0,,0,0,0,0,0,
668,666,Sliggoo,6,Dragon,,2,7,8,5,8,11,6,6,6,,,,1,2,4,Small,2,"50% M / 50% F",5,30,0,0,0,0,0,,0,0,0,0,0,
669,667,Goodra,6,Dragon,,3,9,10,7,11,15,8,8,8,,,,4,5,5,Large,5,"50% M / 50% F",5,50,0,0,0,0,0,,0,0,0,0,0,
670,L01,Mew,1,Psychic,,1,10,10,10,10,10,10,12,10,10,14,,4,7,4,Small,1,"No Gender",0,100,0,0,0,0,0,,0,0,0,0,0,
671,L02,Mewtwo,1,Psychic,,1,11,11,9,15,9,13,12,10,10,10,,7,10,7,Large,5,"No Gender",0,100,8,1,0,1,0,Fighting,3,-2,5,3,1,75
672,L03,Genesect,5,Bug,Steel,1,7,12,10,12,10,10,10,10,10,10,10,5,6,7,Large,4,"No Gender",0,100,0,0,0,0,0,,0,0,0,0,0,
673,L04,Heatran,4,Fire,Steel,1,9,9,11,13,11,8,8,,,,16,1,10,5,Huge,6,"50% M 50% F",0,100,0,0,0,0,0,,0,0,0,0,0,
674,L05,Articuno,1,Ice,Flying,1,9,9,10,10,13,9,10,6,,15,,5,5,7,Large,4,"No Gender",0,100,0,0,0,0,0,,0,0,0,0,0,
675,L06,Zapdos,1,Electric,Flying,1,9,9,9,13,9,10,10,6,,15,,5,5,7,Large,4,"No Gender",0,100,0,0,0,0,0,,0,0,0,0,0,
676,L07,Moltres,1,Fire,Flying,1,9,10,9,13,9,9,10,,,15,,5,5,7,Large,4,"No Gender",0,100,0,0,0,0,0,,0,0,0,0,0,
677,L08,Raikou,2,Electric,,1,9,9,8,12,10,12,20,12,,,,7,5,7,Large,5,"No Gender",0,100,0,0,0,0,0,,0,0,0,0,0,
678,L09,Entei,2,Fire,,1,12,12,9,9,8,10,20,12,,,,7,5,7,Large,5,"No Gender",0,100,0,0,0,0,0,,0,0,0,0,0,
679,L10,Suicune,2,Water,,1,10,8,12,9,12,9,20,12,4,,,7,5,7,Large,5,"No Gender",0,100,0,0,0,0,0,,0,0,0,0,0,
680,L11,Regirock,3,Rock,,1,8,10,20,5,10,5,10,,,,14,1,9,5,Huge,6,"No Gender",0,100,0,0,0,0,0,,0,0,0,0,0,
681,L12,Regice,3,Ice,,1,8,5,10,10,20,5,10,,,,14,1,9,5,Huge,5,"No Gender",0,100,0,0,0,0,0,,0,0,0,0,0,
682,L14,Regigigas,4,Normal,,1,11,16,11,8,11,10,12,12,12,,14,1,10,7,Gigantic,6,"No Gender",0,100,0,0,0,0,0,,0,0,0,0,0,
683,L15,Cobalion,5,Steel,Fighting,1,9,9,13,9,7,11,14,12,,,,4,5,5,Large,6,"No Gender",0,100,0,0,0,0,0,,0,0,0,0,0,
684,L16,Terrakion,5,Rock,Fighting,1,9,13,9,7,9,11,10,,,,14,4,5,5,Large,6,"No Gender",0,100,0,0,0,0,0,,0,0,0,0,0,
685,L17,Virizion,5,Grass,Fighting,1,9,9,7,9,13,11,12,10,,,,4,5,5,Large,6,"No Gender",0,100,0,0,0,0,0,,0,0,0,0,0,
686,L18,Keldeo,5,Water,Fighting,1,9,7,9,13,9,11,12,14,12,,,4,5,5,Medium,3,"No Gender",0,100,0,0,0,0,0,,0,0,0,0,0,
687,L19,Uxie,4,Psychic,,1,8,8,13,8,13,10,10,10,,12,,5,2,7,Small,1,"No Gender",0,100,0,0,0,0,0,,0,0,0,0,0,
688,L20,Mesprit,4,Psychic,,1,8,11,11,11,11,8,10,10,,12,,5,2,7,Small,1,"No Gender",0,100,0,0,0,0,0,,0,0,0,0,0,
689,L21,Azelf,4,Psychic,,1,8,13,7,13,7,12,10,10,,12,,5,2,7,Small,1,"No Gender",0,100,0,0,0,0,0,,0,0,0,0,0,
690,L22,Tornadus,5,Flying,,1,8,12,7,13,8,11,10,10,,20,,6,5,5,Large,4,"No Gender",0,100,0,0,0,0,0,,0,0,0,0,0,
691,L23,Thundurus,5,Electric,Flying,1,8,12,7,13,8,11,10,10,,20,,6,5,5,Large,4,"No Gender",0,100,0,0,0,0,0,,0,0,0,0,0,
692,L24,Landorus,5,Ground,Flying,1,9,13,9,12,8,10,10,10,,20,10,4,6,5,Large,4,"No Gender",0,100,0,0,0,0,0,,0,0,0,0,0,
693,L25,Lugia,2,Psychic,Flying,1,11,9,13,9,15,9,10,20,20,16,,5,7,7,Huge,6,"No Gender",0,100,0,0,0,0,0,,0,0,0,0,0,
694,L26,Ho-oh,2,Fire,Flying,1,11,13,9,11,15,9,10,6,,20,,6,6,7,Huge,5,"No Gender",0,100,0,0,0,0,0,,0,0,0,0,0,
695,L27,Latias,3,Dragon,Psychic,1,8,8,9,11,13,11,12,12,12,20,,10,4,7,Large,3,"0% M 100% F",0,100,2,3,3,2,0,,0,0,0,0,0,
696,L28,Latios,3,Dragon,Psychic,1,8,9,8,13,11,11,12,12,12,20,,10,4,7,Large,3,"100% M 0% F",0,100,4,2,3,1,0,,0,0,0,0,0,
697,L29,Phione,4,Water,,1,8,8,8,8,8,8,6,6,16,,,4,1,4,Small,1,"No Gender",0,100,0,0,0,0,0,,0,0,0,0,0,
698,L30,Manaphy,4,Water,,1,10,10,10,10,10,10,10,20,20,,,4,2,7,Small,1,"No Gender",0,100,0,0,0,0,0,,0,0,0,0,0,
699,L31,Celebi,2,Psychic,Grass,1,10,10,10,10,10,10,10,10,,18,,6,3,7,Small,1,"No Gender",0,100,0,0,0,0,0,,0,0,0,0,0,
700,L32,Jirachi,3,Steel,Psychic,1,10,10,10,10,10,10,12,12,,12,,6,3,7,Small,1,"No Gender",0,100,0,0,0,0,0,,0,0,0,0,0,
701,L33,Victini,5,Psychic,Fire,1,10,10,10,10,10,10,15,15,,15,15,7,5,4,Small,1,"No Gender",0,100,0,0,0,0,0,,0,0,0,0,0,
702,L34,"Shaymin (normal Form)",4,Grass,,1,10,10,10,10,10,10,6,6,,,10,5,2,7,Small,1,"No Gender",0,100,0,0,0,0,0,,0,0,0,0,0,
703,L34,"Shaymin (sky Form)",4,Grass,,1,10,10,10,10,10,10,12,10,,,,10,2,7,Small,1,"No Gender",0,100,0,0,0,0,0,,0,0,0,0,0,
704,L35,Meloetta,5,Normal,Psychic,1,10,8,8,13,13,9,10,10,,,,7,4,5,Small,1,"No Gender",0,100,0,0,0,0,0,,0,0,0,0,0,
705,L36,Diancie,6,Rock,Fairy,1,5,10,15,10,15,5,6,,,5,,4,4,5,Medium,2,"No Gender",0,100,6,0,6,0,6,,0,0,0,0,0,
706,L37,Deoxys,3,Psychic,,1,5,15,5,15,5,15,12,12,12,15,,,8,7,Medium,4,"No Gender",0,100,0,0,0,0,0,,0,0,0,0,0,
707,L38,Darkrai,4,Dark,,1,7,9,9,14,9,13,10,10,,16,,7,8,7,Large,4,"No Gender",0,100,0,0,0,0,0,,0,0,0,0,0,
708,L39,Cresselia,4,Psychic,,1,12,7,12,8,13,9,10,10,,20,,7,6,7,Large,4,"0% M 100% F",0,100,0,0,0,0,0,,0,0,0,0,0,
709,L40,Kyogre,3,Water,,1,10,10,9,15,14,9,10,20,20,,,7,10,7,Gigantic,6,"No Gender",0,100,5,0,3,2,0,,0,0,0,0,0,
710,L41,Groudon,3,Ground,,1,10,15,14,10,9,9,14,6,,,20,5,10,7,Gigantic,6,"No Gender",0,100,3,2,5,0,0,Fire,0,0,0,0,0,
711,L42,Rayquaza,3,Dragon,Flying,1,11,15,9,15,9,10,12,12,12,20,12,10,10,7,Gigantic,6,"No Gender",0,100,3,1,3,1,2,,0,0,0,0,0,
712,L43,Reshiram,5,Dragon,Fire,1,10,12,10,15,12,9,12,8,,10,,4,6,5,Gigantic,6,"No Gender",0,100,0,0,0,0,0,,0,0,0,0,0,
713,L44,Zekrom,5,Dragon,Electric,1,10,15,12,12,10,9,12,8,,10,,4,6,5,Gigantic,6,"No Gender",0,100,0,0,0,0,0,,0,0,0,0,0,
714,L45,Kyurem,5,Dragon,Ice,1,13,13,9,13,9,10,12,12,12,12,12,5,7,6,Gigantic,6,"No Gender",0,100,0,0,0,0,0,,0,0,0,0,0,
715,L46,Xerneas,6,Fairy,,1,13,13,10,13,10,10,10,8,,,,6,8,6,Gigantic,6,"No Gender",0,100,0,0,0,0,0,,0,0,0,0,0,
716,L47,Yveltal,6,Dark,Flying,1,13,13,10,13,10,10,4,8,,14,,3,5,6,Gigantic,6,"No Gender",0,100,0,0,0,0,0,,0,0,0,0,0,
717,L48,Zygarde,6,Dragon,Ground,1,11,10,12,8,10,10,12,8,,,14,4,8,6,Gigantic,6,"No Gender",0,100,0,0,0,0,0,,0,0,0,0,0,
718,L49,Dialga,4,Steel,Dragon,1,10,12,12,15,10,9,16,16,16,18,16,8,10,7,Gigantic,6,"No Gender",0,100,0,0,0,0,0,,0,0,0,0,0,
719,L50,Palkia,4,Water,Dragon,1,9,12,10,15,12,10,17,17,20,17,17,8,10,7,Gigantic,6,"No Gender",0,100,0,0,0,0,0,,0,0,0,0,0,
720,L51,Giratina,4,Ghost,Dragon,1,15,12,10,12,10,9,16,16,16,20,16,8,10,7,Gigantic,6,"No Gender",0,100,0,0,0,0,0,,0,0,0,0,0,
721,349,Claydol,3,Ground,Psychic,2,6,7,11,7,12,8,1,,,8,,3,3,4,Medium,5,"No Gender",10,40,0,0,0,0,0,,0,0,0,0,0,
722,350,Hippopotas,4,Ground,,1,7,7,8,4,4,3,4,4,2,,6,2,2,4,Small,3,"50% M / 50% F",30,10,0,0,0,0,0,,0,0,0,0,0,
